ID,N_Cod_Student,Gender,Age,Marital_E,School_Type,N_Reservation,Q_Courses_S,Mandatory_GPA,Elective_GPA,GPA,N_Semesters,H_Ausent_S,Scholarship,Enrolled,Q_A_Credits_S,O_IDH,O_Poverty_Per,R_IDH,R_Poverty_Per,Proportion_Credits
27,1,F,22.0,S,Private,1.0,5.182,11.756,12.5,11.419,11,5.506,0,0,12.091,76.53,0.3,76.53,0.3,61.29032258064516
32,1,M,22.0,S,Private,5.0,4.375,10.44,11.817,10.441,16,13.769,0,0,9.333,74.53999999999999,1.4,74.53999999999999,1.4,64.51612903225806
128,1,M,20.0,S,Private,2.0,4.2,9.509,9.509,8.691,5,1.973,0,0,8.0,76.22,0.7,76.22,0.7,14.746543778801843
244,1,M,18.0,S,Public,0.0,5.6,10.859,10.859,10.945,5,7.24,0,0,16.5,76.22,0.7,64.98,6.2,30.414746543778804
326,1,M,25.0,S,Private,0.0,5.0,12.26,12.26,10.23,1,10.0,0,0,9.0,78.88,0.1,76.22,0.7,4.090909090909091
425,1,F,19.0,S,Private,0.0,5.8,14.719,14.68,14.538,10,3.787,0,0,20.4,76.22,0.7,76.22,0.7,94.00921658986175
539,1,M,32.0,S,Private,2.0,2.5,14.368,14.368,13.871,2,14.333,0,0,7.5,76.22,0.7,74.53999999999999,1.4,6.8181818181818175
563,1,M,23.0,S,Private,4.0,3.81,11.262,11.883,11.371,21,7.604,0,0,9.75,83.26,0.1,64.12,9.1,89.86175115207374
580,1,F,19.0,S,Public,4.0,6.222,14.951,17.635,14.882,9,4.406,0,0,22.222,76.22,0.7,76.22,0.7,92.16589861751152
583,2,M,24.0,S,Private,0.0,3.333,3.357,0.45,5.636,2,22.0,0,0,8.0,76.22,0.7,66.44,5.2,3.686635944700461
626,1,M,18.5,S,Private,0.0,6.0,12.34,15.33,12.746,2,0.0,0,0,15.0,76.22,0.7,76.22,0.7,13.82488479262673
634,2,M,22.0,S,Private,0.625,3.625,11.23,11.23,10.44,7,4.992,0,1,7.286,68.93,4.0,68.93,4.0,23.502304147465438
691,1,M,18.0,S,Private,0.0,6.5,9.142,14.9,9.404,2,0.0,0,0,7.0,76.53,0.3,76.53,0.3,6.451612903225806
761,1,M,19.0,S,Private,2.0,4.643,12.16,13.798,12.258,14,3.088,0,0,14.143,76.22,0.7,76.22,0.7,91.24423963133641
768,2,F,32.0,S,Private,0.0,3.625,11.288,13.786,11.305,14,10.063,0,1,6.938,76.22,0.7,67.39,6.4,50.45454545454545
818,1,F,17.0,S,Private,0.0,6.5,9.934,14.46,10.245,2,0.0,0,0,6.5,66.89,6.3,66.32000000000001,4.3,5.990783410138248
899,1,F,27.0,S,Private,5.0,2.294,12.546,14.297,13.552,17,5.167,0,0,8.286,76.22,0.7,76.22,0.7,53.45622119815668
933,1,M,25.5,M,Public,6.0,2.75,13.326,13.11,13.046,8,5.792,0,0,8.625,76.22,0.7,64.12,9.1,31.797235023041477
942,1,F,20.0,S,Private,4.0,5.308,12.519,13.681,12.99,13,3.212,0,0,17.083,76.22,0.7,76.22,0.7,94.47004608294931
966,1,M,23.0,S,Private,0.0,3.941,11.727,13.377,11.351,17,12.004,0,0,9.688,76.22,0.7,76.22,0.7,71.42857142857143
974,1,F,17.0,S,Private,0.0,6.0,10.67,10.67,10.156,1,0.0,0,0,12.0,64.89,12.8,76.22,0.7,5.529953917050691
1096,1,F,27.0,S,Private,10.0,3.4,9.738,14.415,10.638,10,9.162,0,0,8.222,76.22,0.7,66.95,6.2,34.10138248847927
1189,1,M,31.0,S,Public,2.0,3.75,11.867,15.145,11.784,8,12.396,0,0,10.0,76.22,0.7,76.22,0.7,36.36363636363637
1198,1,M,33.0,M,Public,4.0,3.545,11.927,12.837,12.391,11,6.614,0,0,11.667,76.22,0.7,76.22,0.7,48.38709677419355
1203,1,M,27.0,S,Private,1.0,3.5,11.943,11.6,11.685,2,18.0,0,0,9.0,76.53,0.3,76.22,0.7,8.181818181818182
1205,1,M,18.0,S,Public,0.0,6.0,10.482,10.482,9.699,1,8.333,0,0,8.0,76.22,0.7,76.53,0.3,3.686635944700461
1237,1,F,19.0,S,Private,0.0,4.1,11.415,11.84,10.758,10,6.588,0,0,9.0,64.98,6.2,64.98,6.2,37.327188940092164
1247,1,M,20.0,S,Public,0.0,4.059,10.683,11.915,10.494,17,11.414,0,0,8.375,76.53,0.3,76.53,0.3,61.75115207373272
1275,1,F,24.0,S,Private,2.0,4.333,7.21,17.53,7.199,3,32.244,0,0,4.333,76.22,0.7,67.39,6.4,5.909090909090909
1281,1,M,21.0,S,Private,0.0,6.0,12.231,12.735,12.243,6,10.714,0,0,15.833,76.22,0.7,76.22,0.7,43.77880184331797
1336,1,M,22.0,S,Private,3.0,6.0,10.038,10.5,9.948,1,19.833,0,0,3.0,76.22,0.7,68.55,6.6,1.3636363636363635
1340,1,F,21.0,S,Public,9.0,4.385,11.694,13.16,13.631,13,12.444,0,0,16.273,76.22,0.7,67.39,6.4,82.48847926267281
1375,1,F,27.0,S,Private,1.0,1.167,13.103,13.65,13.173,6,6.583,0,0,4.2,76.53,0.3,76.53,0.3,9.67741935483871
1410,1,F,17.0,M,Private,0.0,6.0,9.258,9.258,8.41,1,6.667,0,0,8.0,76.22,0.7,76.53,0.3,3.686635944700461
1451,1,M,22.0,S,Private,2.0,4.647,11.952,11.958,11.65,17,14.674,0,0,12.353,66.67999999999999,4.7,66.67999999999999,4.7,96.7741935483871
1469,1,F,20.0,S,Private,3.0,4.667,13.53,13.46,13.611,12,6.367,0,0,15.333,74.53999999999999,1.4,74.53999999999999,1.4,84.7926267281106
1581,1,M,19.0,S,Public,2.0,6.0,11.107,11.107,11.41,1,13.5,0,0,12.0,64.56,6.4,74.53999999999999,1.4,5.529953917050691
1631,1,F,24.0,S,Public,1.0,3.5,12.373,12.373,11.544,2,4.583,0,0,11.0,76.22,0.7,64.98,6.2,10.138248847926267
1647,1,M,22.0,S,Public,0.0,6.0,6.33,6.33,5.495,1,20.333,0,0,2.0,76.22,0.7,66.95,6.2,0.9216589861751152
1715,1,F,25.0,S,Private,1.0,3.692,10.789,13.95,10.713,13,22.088,0,0,8.0,64.12,9.1,64.12,9.1,40.0
1726,1,M,27.0,S,Private,0.0,3.0,8.777,9.1,8.344,3,14.722,0,0,6.0,76.22,0.7,64.12,9.1,2.727272727272727
1738,1,F,18.0,S,Private,0.0,6.0,11.908,11.908,11.415,1,7.833,0,0,13.0,76.22,0.7,76.22,0.7,5.990783410138248
1762,1,M,21.0,S,Private,0.0,4.25,10.864,14.08,10.329,8,11.196,0,0,8.75,83.26,0.1,67.39,6.4,32.25806451612903
1870,1,M,24.0,S,Private,1.0,3.0,3.406,3.406,5.318,2,36.6,0,0,7.0,76.22,0.7,66.44,5.2,3.225806451612903
1924,1,M,21.0,S,Public,0.0,6.0,6.426,6.426,5.701,2,12.5,0,0,4.5,76.22,0.7,64.98,6.2,4.147465437788019
1945,1,M,18.0,S,Private,0.0,5.5,12.086,12.086,11.274,2,1.35,0,0,9.0,76.22,0.7,68.55,6.6,8.294930875576037
2004,1,M,30.0,M,Private,2.0,3.444,11.444,8.055,10.25,9,12.999,0,0,7.0,76.22,0.7,76.22,0.7,22.58064516129032
2052,1,M,19.0,S,Private,1.0,4.4,12.566,16.56,12.778,10,10.73,0,0,12.3,76.22,0.7,76.53,0.3,56.68202764976959
2093,1,F,19.0,S,Private,1.0,6.0,11.742,15.42,11.822,4,9.718,0,0,13.5,76.22,0.7,76.22,0.7,24.88479262672811
2189,1,M,20.0,S,Private,1.0,6.0,10.988,10.988,9.993,1,6.667,0,0,8.0,64.35,5.4,74.53999999999999,1.4,3.686635944700461
2250,1,M,34.0,M,Public,3.0,1.5,13.495,13.495,12.979,2,3.0,0,0,3.0,76.22,0.7,76.22,0.7,2.7649769585253456
2254,1,M,39.0,S,Private,4.0,2.9,12.373,13.13,11.617,10,11.925,0,0,7.4,76.22,0.7,68.93,4.0,34.10138248847927
2429,1,M,17.0,S,Public,1.0,4.5,6.593,6.593,4.737,2,23.667,0,0,4.0,76.22,0.7,68.93,4.0,3.686635944700461
2432,1,F,18.0,S,Private,1.0,4.333,11.47,11.47,10.604,3,3.5,0,0,8.0,66.95,6.2,64.98,6.2,11.059907834101383
2460,1,M,20.0,S,Private,0.0,5.0,3.87,9.25,6.084,1,19.4,0,0,2.0,76.22,0.7,68.93,4.0,0.9090909090909091
2471,1,M,18.0,S,Private,0.0,6.0,9.505,9.505,9.095,1,3.0,0,0,2.0,76.22,0.7,68.93,4.0,0.9216589861751152
2480,1,F,25.0,S,Public,0.0,4.5,13.622,14.385,13.002,2,11.667,0,0,10.5,76.22,0.7,64.98,6.2,9.67741935483871
3111,1,M,17.0,S,Private,1.0,6.0,7.162,7.162,6.503,2,19.083,0,0,5.0,76.22,0.7,76.53,0.3,4.6082949308755765
3125,1,F,17.0,S,Private,2.0,5.5,11.592,11.592,11.191,2,6.617,0,0,11.5,64.35,5.4,76.53,0.3,10.599078341013826
3155,1,M,18.0,S,Private,0.0,4.0,11.924,11.924,11.015,3,3.722,0,0,7.0,57.599999999999994,21.7,68.93,4.0,9.67741935483871
3332,1,F,17.0,S,Private,1.0,4.0,13.643,13.643,12.593,3,3.2,0,0,9.667,76.22,0.7,64.12,9.1,13.36405529953917
3348,1,M,21.0,S,Public,0.0,2.0,7.725,14.25,10.65,2,17.5,0,0,4.5,76.22,0.7,76.22,0.7,4.147465437788019
3362,1,M,23.5,S,Private,1.0,4.4,11.843,14.8,11.601,5,9.693,0,0,9.8,76.22,0.7,68.55,6.6,22.58064516129032
3373,1,F,19.0,S,Private,0.0,3.875,11.649,11.649,11.792,8,7.471,0,0,11.0,76.22,0.7,66.44,5.2,35.483870967741936
3394,1,M,23.0,S,Private,0.0,4.0,11.893,13.85,12.58,1,7.5,0,0,8.0,70.19,7.0,76.53,0.3,3.686635944700461
3406,1,M,18.0,S,Private,2.0,4.5,13.163,13.163,12.165,4,2.192,0,0,9.75,74.53999999999999,1.4,74.53999999999999,1.4,17.972350230414747
3433,1,M,17.0,S,Private,0.0,6.0,9.835,9.835,9.373,1,9.333,0,0,5.0,76.22,0.7,64.98,6.2,2.3041474654377883
3485,1,M,31.0,S,Private,2.0,1.0,13.78,13.78,13.78,1,12.0,0,0,4.0,76.22,0.7,66.67999999999999,4.7,1.8433179723502304
3502,1,M,19.0,S,Private,0.0,5.667,13.818,17.175,13.979,6,7.917,0,0,18.333,73.89,1.4,66.67999999999999,4.7,50.69124423963134
3512,1,F,19.0,S,Private,0.0,4.625,12.407,15.59,12.041,8,4.438,0,0,12.375,76.22,0.7,76.22,0.7,45.622119815668206
3555,1,M,20.0,S,Public,0.0,6.0,10.523,10.523,10.116,1,12.0,0,0,8.0,76.22,0.7,66.44,5.2,3.686635944700461
3559,1,F,16.0,S,Private,0.0,6.0,12.253,12.253,11.438,1,8.833,0,0,12.0,76.22,0.7,76.22,0.7,5.529953917050691
3586,1,M,21.0,S,Private,0.0,2.5,7.128,13.7,10.513,2,17.25,0,0,4.5,76.22,0.7,64.12,9.1,4.147465437788019
3589,1,F,19.0,S,Public,0.0,4.5,9.516,14.29,10.364,2,11.833,0,0,16.0,76.22,0.7,74.53999999999999,1.4,7.2727272727272725
3624,1,M,16.0,S,Private,0.0,3.5,3.793,3.793,5.597,2,30.417,0,0,3.0,64.56,6.4,76.22,0.7,1.3824884792626728
3757,1,F,17.0,S,Private,0.0,6.0,8.56,8.56,7.291,1,9.667,0,0,8.0,66.95,6.2,74.53999999999999,1.4,3.686635944700461
3776,1,M,27.0,M,Private,0.0,2.667,11.081,14.55,10.073,3,19.028,0,0,6.0,76.22,0.7,76.22,0.7,8.181818181818182
3858,1,F,19.0,S,Private,0.0,4.25,10.906,12.371,10.892,4,17.964,0,0,7.75,66.95,6.2,66.95,6.2,14.09090909090909
3908,1,M,23.0,S,Private,1.0,2.0,11.97,12.925,12.448,2,3.5,0,0,2.5,76.22,0.7,66.67999999999999,4.7,2.272727272727273
3919,1,M,18.0,S,Private,0.0,6.0,8.285,8.285,6.967,1,25.0,0,0,6.0,76.22,0.7,76.53,0.3,2.7649769585253456
3924,1,M,22.0,S,Public,0.0,2.5,11.693,11.693,11.871,2,12.083,0,0,7.0,66.95,6.2,66.95,6.2,3.225806451612903
3939,1,M,17.5,S,Public,0.0,6.0,8.302,8.302,7.149,2,14.583,0,0,4.0,76.22,0.7,66.67999999999999,4.7,3.686635944700461
3991,1,M,27.0,S,Private,4.0,2.944,10.265,13.876,10.569,18,16.115,0,0,7.75,76.22,0.7,76.53,0.3,57.14285714285714
4018,1,M,24.0,S,Private,0.0,3.333,9.73,11.965,9.362,3,17.667,0,0,6.667,64.56,6.4,76.22,0.7,9.090909090909092
4286,1,M,20.0,S,Private,0.0,6.0,11.829,14.915,12.059,3,11.833,0,0,14.333,76.22,0.7,76.22,0.7,19.545454545454547
4624,1,M,19.0,S,Public,0.0,6.0,6.448,6.448,5.36,1,9.667,0,0,3.0,76.22,0.7,76.22,0.7,1.3824884792626728
4699,1,F,19.0,S,Public,0.0,6.0,11.385,14.4,11.161,3,8.943,0,0,11.0,64.56,6.4,76.22,0.7,15.207373271889402
4706,1,M,32.0,S,Private,0.0,3.0,11.26,11.26,11.37,1,0.0,0,0,4.0,76.22,0.7,64.12,9.1,1.82648401826484
4757,1,M,25.0,S,Public,1.0,5.667,9.571,11.55,9.473,3,24.678,0,0,6.667,76.22,0.7,68.93,4.0,9.090909090909092
4781,1,M,26.0,S,Private,1.0,4.5,10.978,11.294,10.865,14,6.457,0,0,9.077,76.22,0.7,74.53999999999999,1.4,53.63636363636364
4799,1,F,24.0,S,Private,0.0,3.923,10.524,15.183,10.614,13,16.957,0,0,7.818,76.22,0.7,66.44,5.2,39.09090909090909
5092,1,M,21.0,S,Private,0.0,1.0,11.51,11.51,11.51,1,0.0,0,0,3.0,76.22,0.7,76.53,0.3,1.3636363636363635
5141,1,M,20.0,S,Private,0.0,4.0,10.5,10.5,10.481,1,14.25,0,0,6.0,76.22,0.7,66.32000000000001,4.3,2.727272727272727
5210,1,F,17.0,S,Public,0.0,6.0,12.757,12.757,12.241,1,0.833,0,0,10.0,76.22,0.7,66.67999999999999,4.7,4.545454545454546
5251,1,F,17.0,S,Public,0.0,6.0,13.613,13.613,13.179,1,3.0,0,0,18.0,56.35,6.2,64.12,9.1,8.181818181818182
5274,1,M,27.0,S,Public,1.0,3.833,9.99,11.85,10.025,6,13.206,0,0,7.8,47.54,17.7,66.95,6.2,17.727272727272727
5299,1,M,16.0,S,Public,0.0,6.0,7.607,7.607,6.544,1,14.333,0,0,3.0,53.25,32.8,66.95,6.2,1.3636363636363635
5382,1,F,26.0,S,Private,0.0,3.2,11.327,11.327,11.18,5,16.453,0,0,7.8,76.22,0.7,74.53999999999999,1.4,17.727272727272727
5384,1,M,29.0,S,Private,0.0,6.0,11.87,11.87,11.086,1,6.667,0,0,14.0,83.37,0.8,76.22,0.7,6.363636363636363
5396,1,M,18.0,S,Private,0.0,4.0,9.094,9.094,8.45,2,21.083,0,0,6.0,67.39,6.4,67.39,6.4,2.727272727272727
5397,1,M,31.0,S,Private,1.0,5.0,10.971,11.46,10.373,4,12.167,0,0,10.25,67.29,6.9,66.67999999999999,4.7,18.636363636363637
5424,1,F,21.0,S,Private,0.0,3.0,10.627,7.8,9.542,4,14.433,0,0,4.0,76.22,0.7,64.98,6.2,7.2727272727272725
5523,2,M,20.0,S,Private,0.0,6.0,8.186,11.8,8.204,2,22.333,0,0,9.5,76.22,0.7,76.22,0.7,8.636363636363637
5705,1,M,17.0,S,Public,0.0,4.667,10.616,6.15,10.423,3,5.333,0,0,11.0,76.22,0.7,74.53999999999999,1.4,10.0
5969,1,M,18.0,S,Public,0.0,5.0,12.933,16.66,13.194,5,5.665,0,0,14.8,76.22,0.7,66.67999999999999,4.7,33.63636363636363
6078,1,M,20.0,S,Public,0.0,4.333,11.139,11.42,10.754,12,10.047,0,0,7.909,76.22,0.7,66.95,6.2,39.54545454545455
6108,1,M,17.0,S,Public,1.0,6.0,12.995,12.995,12.616,1,10.667,0,0,17.0,65.91,8.2,76.22,0.7,7.727272727272727
6155,1,F,20.0,S,Private,0.0,3.778,10.367,14.497,10.076,9,6.046,0,0,5.75,76.22,0.7,68.93,4.0,20.909090909090907
6402,1,M,24.0,S,Public,5.0,3.4,11.347,15.168,11.348,15,14.756,0,0,7.643,83.72,0.5,66.44,5.2,48.63636363636364
6516,1,M,20.0,S,Private,2.0,4.3,10.656,16.872,10.493,10,6.802,0,0,9.5,76.22,0.7,67.39,6.4,34.54545454545455
6616,1,M,22.0,S,Private,6.0,3.407,12.399,14.097,12.13,28,10.541,0,1,8.231,76.22,0.7,64.12,9.1,97.27272727272728
6618,1,M,18.0,S,Private,0.0,6.0,9.218,9.218,8.773,1,9.167,0,0,3.0,58.18,13.6,76.22,0.7,1.3636363636363635
6655,1,F,19.0,S,Private,0.0,5.75,9.263,11.707,9.577,4,14.475,0,0,7.25,76.22,0.7,66.44,5.2,13.18181818181818
6658,1,M,27.0,S,Public,0.0,4.0,2.95,6.338,4.602,2,34.417,0,0,3.0,76.22,0.7,64.98,6.2,1.3636363636363635
6679,1,M,23.0,S,Public,3.0,2.0,10.608,10.608,10.753,2,24.5,0,0,6.0,64.56,6.4,64.98,6.2,5.454545454545454
6732,1,M,19.0,S,Private,0.0,6.0,9.678,9.678,9.536,1,9.667,0,0,3.0,76.22,0.7,74.53999999999999,1.4,1.3636363636363635
6734,1,F,27.0,S,Public,0.0,3.0,9.563,9.563,8.152,1,22.667,0,0,6.0,76.22,0.7,66.95,6.2,2.727272727272727
6753,1,M,26.0,S,Public,0.0,4.0,7.555,11.94,7.659,2,8.5,0,0,5.0,76.22,0.7,76.22,0.7,4.545454545454546
6800,1,M,25.0,S,Private,0.0,5.0,10.16,0.0,9.12,1,23.6,0,0,8.0,76.8,1.0,68.93,4.0,3.6363636363636362
6911,1,F,19.0,S,Private,0.0,6.0,9.895,9.895,9.339,2,7.75,0,0,9.5,76.22,0.7,64.98,6.2,8.636363636363637
7028,1,M,18.0,S,Private,1.0,5.5,12.02,12.02,11.928,2,3.2,0,0,9.5,76.22,0.7,64.98,6.2,8.636363636363637
7064,1,M,18.0,S,Public,0.0,6.5,11.558,11.73,11.6,2,6.905,0,0,11.0,76.22,0.7,76.22,0.7,10.0
7068,1,M,24.0,S,Public,2.0,3.55,11.832,11.511,11.756,20,12.188,0,0,9.333,63.32,4.8,66.32000000000001,4.3,76.36363636363637
7085,1,M,28.0,S,Public,1.0,2.333,7.933,12.27,8.675,3,13.833,0,0,5.0,83.72,0.5,76.22,0.7,4.545454545454546
7114,1,M,17.0,S,Public,0.0,6.0,10.465,10.465,10.253,1,5.167,0,0,6.0,76.22,0.7,74.53999999999999,1.4,2.727272727272727
7139,1,M,19.0,S,Public,0.0,4.667,10.67,15.44,10.474,9,5.8,0,0,8.625,76.22,0.7,66.67999999999999,4.7,31.363636363636367
7191,1,M,18.0,S,Private,0.0,5.0,9.049,13.21,9.688,3,13.278,0,0,5.0,76.22,0.7,66.67999999999999,4.7,6.8181818181818175
7226,1,M,19.0,S,Private,1.0,6.25,12.189,14.652,12.264,4,8.143,0,0,14.0,76.22,0.7,64.12,9.1,25.454545454545453
7252,1,M,35.0,S,Public,3.0,3.0,8.927,8.927,8.587,1,10.0,0,0,3.0,76.22,0.7,64.12,9.1,1.3636363636363635
7280,1,M,21.0,S,Public,0.0,4.533,11.565,16.125,11.506,15,12.03,0,0,9.8,76.22,0.7,76.53,0.3,66.81818181818183
7407,1,M,18.0,S,Public,0.0,5.667,10.306,16.4,10.213,3,13.711,0,0,10.0,76.22,0.7,67.39,6.4,13.636363636363635
7442,1,M,24.0,S,Private,0.0,3.0,11.361,14.2,12.789,4,19.15,0,0,15.5,76.22,0.7,66.95,6.2,14.09090909090909
7487,1,F,19.0,S,Private,0.0,6.0,11.009,17.8,11.288,2,9.0,0,0,10.0,76.22,0.7,76.22,0.7,9.090909090909092
7597,1,M,19.0,S,Private,1.0,4.455,9.878,12.333,10.098,11,20.859,0,0,10.333,64.12,9.1,64.12,9.1,42.27272727272727
7603,1,F,19.0,S,Private,0.0,4.4,10.987,15.255,11.158,5,19.927,0,0,8.8,76.22,0.7,74.53999999999999,1.4,20.0
7630,1,M,19.0,S,Private,1.0,3.5,8.664,16.08,8.902,2,7.083,0,0,6.0,76.22,0.7,74.53999999999999,1.4,2.727272727272727
7684,1,F,21.0,S,Private,0.0,2.5,9.017,14.25,9.952,6,25.667,0,0,9.0,64.89,12.8,66.44,5.2,12.272727272727273
7693,1,M,19.0,S,Private,1.0,4.857,13.014,16.373,12.985,7,11.252,0,0,14.286,76.22,0.7,67.39,6.4,45.45454545454545
7707,1,F,18.0,S,Private,0.0,6.0,10.183,10.183,9.454,1,9.833,0,0,9.0,76.22,0.7,64.98,6.2,4.090909090909091
7813,1,M,17.0,S,Private,0.0,6.0,12.932,12.932,12.601,1,6.833,0,0,14.0,76.22,0.7,76.22,0.7,6.363636363636363
7965,1,M,22.0,S,Private,0.0,5.0,10.568,10.568,10.699,1,12.8,0,0,8.0,76.22,0.7,74.53999999999999,1.4,3.6363636363636362
7983,1,M,22.0,S,Public,0.0,3.6,12.272,16.303,10.922,10,4.508,0,0,7.5,83.72,0.5,76.22,0.7,34.090909090909086
8071,1,M,21.0,S,Private,0.0,5.333,8.828,16.475,9.06,3,12.969,0,0,5.333,76.22,0.7,66.44,5.2,7.2727272727272725
8134,1,M,17.0,S,Private,0.0,4.5,13.075,15.1,12.345,4,5.825,0,0,11.25,76.22,0.7,66.95,6.2,20.454545454545457
8188,1,F,21.0,S,Public,2.0,5.667,11.879,13.45,11.869,3,19.289,0,0,14.667,76.22,0.7,64.98,6.2,20.0
8195,1,M,17.0,S,Public,0.0,5.0,10.239,0.0,9.864,2,19.0,0,0,11.0,67.62,14.2,76.22,0.7,10.0
8201,1,F,19.0,S,Private,0.0,3.5,10.253,12.0,10.137,4,5.583,0,0,5.0,76.22,0.7,68.93,4.0,6.8181818181818175
8342,1,M,36.0,S,Private,1.0,2.0,9.623,7.887,8.694,5,21.0,0,0,2.75,64.12,9.1,64.12,9.1,5.0
8403,1,M,18.0,S,Private,0.0,4.75,12.566,14.073,12.146,8,5.977,0,0,10.5,76.22,0.7,66.44,5.2,38.18181818181819
8415,1,M,21.0,S,Private,0.0,3.333,9.753,16.8,9.908,3,29.5,0,0,9.5,76.22,0.7,67.39,6.4,8.636363636363637
8577,1,M,22.0,S,Private,0.0,4.0,6.006,6.006,6.45,2,45.833,0,0,4.0,76.22,0.7,64.12,9.1,1.8181818181818181
8628,1,M,27.0,S,Private,4.0,2.5,11.565,14.843,11.648,14,16.287,0,1,6.417,76.22,0.7,66.44,5.2,35.0
8735,2,M,25.0,S,Private,0.0,4.778,9.6,13.287,9.645,5,16.694,0,0,10.333,76.22,0.7,66.32000000000001,4.3,28.18181818181818
8752,1,M,29.0,S,Private,3.0,1.0,13.69,13.69,13.69,1,12.0,0,0,2.0,61.71,7.5,66.67999999999999,4.7,0.9090909090909091
8769,1,F,17.0,S,Private,0.0,6.0,10.71,10.71,10.252,1,13.167,0,0,9.0,76.22,0.7,63.62,7.4,4.090909090909091
8788,1,M,29.0,S,Public,0.0,3.0,6.53,6.53,7.326,1,23.333,0,0,4.0,76.22,0.7,66.67999999999999,4.7,1.8181818181818181
8795,1,M,20.0,S,Private,0.0,3.5,5.624,5.624,5.485,2,11.417,0,0,6.0,76.22,0.7,76.22,0.7,2.727272727272727
8796,1,F,21.0,S,Private,6.0,3.762,12.317,15.03,11.932,22,14.448,0,1,8.905,74.53999999999999,1.4,74.53999999999999,1.4,85.0
8824,1,M,17.0,S,Private,0.0,5.5,10.448,15.6,10.12,2,3.033,0,0,9.0,76.22,0.7,74.53999999999999,1.4,8.181818181818182
8839,1,M,29.0,S,Public,4.0,3.81,12.587,15.094,12.62,22,16.913,0,1,10.35,76.22,0.7,74.53999999999999,1.4,94.0909090909091
8844,1,M,17.0,S,Private,0.0,6.0,5.103,5.103,4.726,1,25.167,0,0,3.0,64.89,12.8,76.53,0.3,1.3636363636363635
8906,1,M,22.0,S,Private,3.0,6.0,12.49,15.06,12.02,1,16.667,0,0,16.0,64.56,6.4,76.22,0.7,7.2727272727272725
9492,1,F,18.0,S,Public,0.0,3.5,8.993,15.87,8.535,2,9.583,0,0,2.0,76.22,0.7,66.95,6.2,0.9090909090909091
9521,1,M,24.0,S,Public,2.0,2.125,10.822,10.822,10.194,8,18.333,0,0,4.429,76.22,0.7,74.53999999999999,1.4,14.09090909090909
9524,1,F,18.0,S,Private,0.0,6.0,10.673,10.673,10.163,1,3.0,0,0,9.0,76.22,0.7,67.39,6.4,4.090909090909091
9622,1,F,17.0,S,Private,0.0,6.0,9.826,17.09,10.394,3,4.611,0,0,8.667,76.8,1.0,74.53999999999999,1.4,11.818181818181818
9722,1,F,17.0,S,Private,1.0,5.75,12.156,17.23,12.427,4,3.1,0,0,14.5,76.22,0.7,74.53999999999999,1.4,26.36363636363636
9888,1,F,25.0,S,Public,0.0,2.0,12.138,12.138,11.949,2,26.0,0,0,6.0,57.50999999999999,14.3,64.12,9.1,5.454545454545454
9967,1,M,18.0,S,Private,0.0,6.0,7.877,7.877,7.231,1,3.833,0,0,3.0,83.26,0.1,74.53999999999999,1.4,1.3636363636363635
9988,1,M,24.0,S,Public,0.0,4.375,11.615,13.465,11.043,16,8.004,0,0,9.125,55.31,25.9,66.67999999999999,4.7,66.36363636363637
10062,1,M,21.0,S,Private,0.0,6.0,10.038,10.038,9.671,1,3.167,0,0,6.0,76.22,0.7,67.39,6.4,2.727272727272727
10104,1,M,17.0,S,Private,0.0,6.0,11.113,11.113,10.623,1,11.333,0,0,13.0,65.91,8.2,66.95,6.2,5.909090909090909
10177,1,M,18.0,S,Private,0.0,7.0,11.173,11.173,10.706,1,3.286,0,0,14.0,76.22,0.7,68.55,6.6,6.363636363636363
10246,1,M,17.0,S,Public,1.0,6.0,5.55,5.55,4.892,1,32.833,0,0,3.0,76.22,0.7,67.39,6.4,1.3636363636363635
10318,1,M,17.0,S,Private,2.0,3.667,11.232,14.86,11.564,6,10.667,0,0,10.2,76.22,0.7,67.39,6.4,23.18181818181818
10328,1,F,27.0,S,Public,1.0,3.667,10.836,15.55,10.963,6,7.73,0,0,8.2,69.66,7.7,68.93,4.0,18.636363636363637
10335,1,F,16.0,S,Private,1.0,6.0,10.812,10.812,10.558,1,9.833,0,0,11.0,76.22,0.7,64.12,9.1,5.0
10482,1,M,21.0,S,Public,6.0,4.182,11.602,13.192,11.495,22,12.88,0,1,10.0,76.22,0.7,66.95,6.2,100.0
10517,1,F,20.0,S,Private,0.0,6.0,11.253,16.7,11.131,2,2.583,0,0,11.0,65.91,8.2,64.12,9.1,10.0
10641,1,F,18.0,S,Public,0.0,6.0,5.568,14.22,5.915,1,26.333,0,0,2.0,64.89,12.8,74.53999999999999,1.4,0.9090909090909091
10658,1,M,19.0,S,Private,1.0,3.5,7.917,0.3,8.138,8,29.258,0,0,7.333,76.22,0.7,74.53999999999999,1.4,20.0
10725,1,M,26.0,S,Private,0.0,2.5,4.401,13.01,6.674,4,29.417,0,0,2.5,76.22,0.7,76.53,0.3,2.272727272727273
10739,1,M,28.0,S,Public,0.0,1.667,12.189,12.189,12.982,4,7.333,0,1,8.0,76.22,0.7,68.93,4.0,7.2727272727272725
10848,1,M,28.0,S,Public,2.0,3.0,7.387,7.387,6.438,1,30.333,0,0,3.0,57.599999999999994,21.7,76.22,0.7,1.36986301369863
10892,1,F,25.0,S,Public,0.0,4.0,9.966,13.935,9.641,8,18.771,0,0,7.167,76.22,0.7,68.93,4.0,19.545454545454547
10971,1,F,17.0,S,Private,0.0,5.0,12.429,12.429,12.125,2,1.417,0,0,12.5,76.47,8.0,76.22,0.7,11.363636363636363
11107,1,M,17.0,S,Private,0.0,4.333,10.31,10.31,9.558,3,8.989,0,0,5.667,76.22,0.7,66.32000000000001,4.3,7.727272727272727
11116,1,F,18.0,S,Private,1.0,4.333,10.907,16.85,11.654,3,6.278,0,0,9.0,76.22,0.7,76.22,0.7,12.272727272727273
11184,1,M,22.0,S,Private,0.0,3.0,11.3,17.84,14.57,1,10.333,0,0,4.0,76.22,0.7,76.22,0.7,1.8181818181818181
11279,1,M,22.0,S,Private,1.0,3.0,3.689,3.785,4.157,4,39.962,0,0,6.0,76.22,0.7,76.22,0.7,2.727272727272727
11469,1,F,19.0,S,Private,1.0,4.333,12.298,15.79,11.918,3,4.556,0,0,10.0,76.22,0.7,66.67999999999999,4.7,13.636363636363635
11531,1,M,31.0,S,Public,0.0,2.0,11.445,11.445,11.445,2,0.0,0,1,4.0,76.22,0.7,66.67999999999999,4.7,1.8181818181818181
11557,1,F,18.0,S,Private,0.0,4.5,12.502,15.147,12.221,6,8.467,0,0,8.5,76.22,0.7,67.39,6.4,23.18181818181818
11576,1,M,19.0,S,Private,2.0,3.833,10.169,9.483,9.621,6,17.869,0,0,6.2,76.22,0.7,64.98,6.2,14.09090909090909
11672,1,M,26.0,S,Private,1.0,1.667,13.753,13.753,12.602,3,19.778,0,0,5.333,83.72,0.5,64.98,6.2,7.2727272727272725
11696,1,M,19.0,S,Public,0.0,6.0,7.69,7.69,7.162,1,19.0,0,0,3.0,76.22,0.7,68.93,4.0,1.3636363636363635
11740,2,F,20.0,S,Private,0.667,4.417,10.822,10.437,10.864,8,17.537,0,1,10.091,76.22,0.7,76.22,0.7,50.45454545454545
11745,1,F,18.0,S,Private,0.0,4.5,10.878,10.878,10.226,2,2.5,0,0,4.5,76.22,0.7,68.55,6.6,4.090909090909091
11805,1,F,20.0,S,Private,1.0,4.917,13.079,15.932,13.389,12,5.543,0,0,13.5,76.22,0.7,66.44,5.2,73.63636363636363
11927,1,M,19.0,S,Public,2.0,3.667,12.584,1.56,12.902,3,10.0,0,0,15.0,76.22,0.7,66.67999999999999,4.7,13.636363636363635
12124,2,F,22.0,S,Private,0.0,3.667,11.349,13.07,11.428,5,6.714,0,0,9.2,76.22,0.7,76.22,0.7,20.909090909090907
12154,1,M,28.0,S,Private,0.0,3.625,14.759,17.02,14.407,9,9.219,0,1,11.5,83.72,0.5,76.53,0.3,42.00913242009132
12162,1,M,26.0,S,Private,0.0,4.176,11.772,13.994,11.613,17,12.073,0,0,9.588,76.22,0.7,64.98,6.2,74.0909090909091
12208,2,M,25.5,S,Public,1.0,2.667,11.33,11.33,11.318,8,9.176,0,1,7.571,76.22,0.7,64.12,9.1,24.200913242009133
12210,1,M,18.0,S,Private,1.0,6.0,9.412,9.412,8.784,1,1.667,0,0,9.0,68.55,6.6,68.55,6.6,4.090909090909091
12355,1,M,17.5,S,Public,1.0,6.0,8.716,8.716,8.332,2,17.25,0,0,8.5,68.55,6.6,68.55,6.6,7.727272727272727
12469,1,M,18.0,S,Private,1.0,3.0,8.266,8.266,9.184,3,1.81,0,0,9.0,76.22,0.7,74.53999999999999,1.4,4.090909090909091
12575,1,M,23.0,M,Public,5.0,3.474,12.128,14.603,12.104,20,11.826,0,1,9.556,64.35,5.4,66.95,6.2,78.18181818181819
12608,1,F,18.0,S,Private,0.0,3.333,12.35,19.56,12.547,3,5.111,0,0,9.667,76.22,0.7,66.67999999999999,4.7,13.18181818181818
12631,1,M,18.0,S,Public,0.0,4.0,12.662,12.662,10.718,2,2.0,0,0,8.5,76.22,0.7,66.44,5.2,7.727272727272727
12737,1,M,18.0,S,Private,0.0,3.5,10.07,13.852,9.54,10,12.068,0,0,7.5,76.22,0.7,64.88000000000001,11.5,27.27272727272727
12755,1,M,20.0,S,Public,1.0,4.714,12.616,13.035,12.471,14,15.101,0,0,11.643,76.22,0.7,64.98,6.2,74.0909090909091
12777,1,M,17.0,S,Private,0.0,4.0,12.471,12.471,11.356,2,0.667,0,0,8.5,76.22,0.7,67.39,6.4,7.727272727272727
12816,1,M,17.0,S,Private,1.0,2.0,8.75,8.75,7.975,1,9.0,0,0,3.0,67.39,6.4,67.39,6.4,1.3636363636363635
12847,1,M,19.0,S,Private,0.0,3.333,7.323,7.323,5.291,3,34.167,0,0,4.5,76.8,1.0,68.93,4.0,4.090909090909091
12856,1,M,27.0,S,Public,1.0,4.231,13.585,15.198,13.513,13,14.955,0,0,13.077,76.22,0.7,64.12,9.1,77.27272727272727
12860,1,M,33.0,S,Private,0.0,3.5,11.094,11.094,9.244,2,23.6,0,0,7.5,69.66,7.7,67.39,6.4,6.8181818181818175
13092,1,M,22.0,S,Private,0.0,3.0,11.54,9.26,10.237,1,12.667,0,0,5.0,76.22,0.7,74.53999999999999,1.4,2.272727272727273
13276,1,F,17.0,S,Private,0.0,3.0,10.367,10.367,9.735,1,10.667,0,0,3.0,76.22,0.7,74.53999999999999,1.4,1.3636363636363635
13306,1,M,29.0,S,Public,0.0,4.8,11.511,13.615,11.636,6,12.86,0,1,13.0,76.22,0.7,64.98,6.2,29.68036529680365
13363,1,F,17.0,S,Private,1.0,6.0,12.692,12.692,11.764,1,1.333,0,0,12.0,64.98,6.2,74.53999999999999,1.4,5.529953917050691
13406,1,M,25.0,S,Public,0.0,3.478,11.071,10.105,10.661,24,10.857,0,1,8.632,76.22,0.7,66.89,6.3,74.54545454545455
13690,1,M,24.0,S,Private,1.0,4.0,11.477,9.844,10.893,23,10.175,0,1,9.333,76.22,0.7,66.89,6.3,89.0909090909091
13998,1,F,19.0,S,Private,0.0,5.0,8.065,16.6,9.106,1,9.4,0,0,2.0,66.95,6.2,64.98,6.2,0.9090909090909091
14020,1,M,19.0,S,Private,0.0,3.889,11.326,13.727,11.894,9,19.448,0,0,8.667,76.22,0.7,76.22,0.7,35.45454545454545
14084,1,F,28.0,S,Private,0.0,3.25,10.777,10.777,10.177,9,5.825,0,1,7.0,76.22,0.7,66.67999999999999,4.7,22.37442922374429
14118,1,F,18.0,S,Public,0.0,4.4,10.682,12.795,10.041,5,8.103,0,0,7.4,74.2,10.3,64.12,9.1,16.818181818181817
14144,1,M,18.0,S,Private,0.0,6.0,7.522,7.522,6.69,1,12.167,0,0,6.0,76.22,0.7,64.12,9.1,2.727272727272727
14153,1,M,23.0,S,Private,2.0,3.2,11.33,14.83,10.945,20,16.46,0,0,8.444,69.66,7.7,76.22,0.7,69.0909090909091
14298,1,M,20.0,S,Public,0.0,3.0,11.897,11.897,11.897,1,4.0,0,0,6.0,76.22,0.7,60.050000000000004,14.1,2.727272727272727
14332,1,M,30.0,S,Public,0.0,3.667,3.916,5.875,5.256,3,35.433,0,0,6.0,76.22,0.7,74.53999999999999,1.4,2.727272727272727
14372,1,M,19.0,S,Public,0.0,4.0,7.318,7.318,6.464,1,16.0,0,0,3.0,64.98,6.2,64.98,6.2,1.3636363636363635
14493,1,M,19.0,S,Public,1.0,3.857,10.663,13.067,10.808,7,12.024,0,0,7.5,76.22,0.7,66.95,6.2,20.454545454545457
14732,1,M,21.0,S,Public,2.0,1.5,14.65,14.65,14.746,4,16.5,0,0,6.25,76.22,0.7,74.53999999999999,1.4,11.363636363636363
14803,1,F,17.0,S,Private,0.0,4.0,12.772,12.772,12.386,2,1.667,0,0,6.0,64.98,6.2,66.44,5.2,5.454545454545454
14813,1,F,24.0,S,Public,0.0,1.0,13.37,13.37,13.37,1,16.0,0,0,3.0,76.22,0.7,64.12,9.1,1.3636363636363635
14830,1,M,18.0,S,Private,1.0,4.333,11.896,13.172,11.865,6,4.156,0,0,10.4,76.22,0.7,74.53999999999999,1.4,23.636363636363637
14867,1,M,18.0,S,Private,0.0,3.5,14.864,14.864,14.236,2,0.0,0,0,10.0,76.22,0.7,76.22,0.7,9.090909090909092
14870,1,M,22.5,S,Private,3.0,4.0,9.563,9.563,9.671,9,23.87,0,1,8.875,57.599999999999994,21.7,64.12,9.1,32.27272727272727
14945,1,M,17.0,S,Private,0.0,2.0,10.825,10.825,10.431,1,4.0,0,0,3.0,76.22,0.7,74.53999999999999,1.4,1.3636363636363635
14969,1,F,17.0,S,Private,0.0,6.0,12.092,12.1,12.078,2,1.833,0,0,14.0,72.19,16.0,76.22,0.7,12.727272727272727
15194,1,M,22.0,S,Public,1.0,4.278,12.113,14.722,12.081,19,10.284,0,1,10.944,68.32000000000001,6.2,76.53,0.3,89.54545454545455
15205,1,F,27.0,S,Private,1.0,4.5,11.042,13.535,11.949,5,4.804,0,1,10.25,76.22,0.7,60.050000000000004,14.1,18.636363636363637
15627,1,F,17.0,S,Public,1.0,6.0,11.706,16.4,11.835,2,1.5,0,0,9.5,76.22,0.7,64.98,6.2,8.636363636363637
15789,2,M,20.0,S,Private,0.577,3.808,12.182,13.506,11.835,16,9.719,0,1,9.08,76.53,0.3,67.39,6.4,103.18181818181817
15808,2,M,30.0,S,Public,0.429,3.5,9.657,11.481,9.573,8,19.319,0,1,7.417,68.93,4.0,66.44,5.2,40.63926940639269
15875,1,M,26.0,S,Public,1.0,3.333,10.862,10.252,10.981,9,17.029,0,0,9.5,76.22,0.7,64.12,9.1,25.90909090909091
16048,1,M,26.0,S,Public,0.0,3.25,10.796,16.01,11.02,4,18.592,0,0,9.667,64.98,6.2,64.98,6.2,13.18181818181818
16339,1,M,24.0,S,Private,2.0,3.2,10.378,15.12,10.575,5,26.433,0,0,10.5,64.56,6.4,68.93,4.0,9.545454545454547
16358,1,M,19.0,S,Private,0.0,3.0,14.24,14.24,13.919,1,7.333,0,0,12.0,68.32000000000001,6.2,68.32000000000001,6.2,5.454545454545454
16366,1,M,26.0,S,Private,0.0,6.0,16.115,16.115,16.021,1,9.333,0,0,22.0,76.22,0.7,68.93,4.0,10.0
16446,1,M,25.0,S,Private,0.0,4.75,11.8,15.253,11.921,8,16.358,0,0,11.125,76.22,0.7,76.22,0.7,40.45454545454545
16489,1,M,18.0,S,Private,0.0,6.0,9.296,16.71,9.522,1,9.833,0,0,5.0,65.82000000000001,9.8,64.12,9.1,2.272727272727273
16717,2,M,19.0,S,Private,1.0,2.9,10.684,10.684,10.711,5,19.21,0,0,5.625,73.89,1.4,74.53999999999999,1.4,20.454545454545457
16834,1,M,18.0,S,Private,1.0,6.0,13.573,13.53,13.609,2,15.833,0,0,18.0,76.22,0.7,67.39,6.4,16.363636363636363
16863,1,M,17.0,S,Private,0.0,4.333,13.188,18.18,13.177,3,0.694,0,0,11.667,76.53,0.3,66.67999999999999,4.7,15.909090909090908
16883,1,F,17.0,S,Private,0.0,4.0,12.058,17.18,11.579,5,4.183,0,0,8.4,55.31,25.9,64.98,6.2,19.090909090909093
16925,1,M,18.0,S,Private,0.0,4.0,12.543,12.543,11.981,2,0.583,0,0,8.5,76.22,0.7,66.32000000000001,4.3,7.727272727272727
16935,1,F,23.0,S,Private,4.0,4.0,11.913,10.28,11.411,2,23.25,0,1,9.0,76.22,0.7,74.53999999999999,1.4,4.090909090909091
17040,1,M,19.0,S,Private,2.0,3.667,13.399,15.123,13.132,12,7.983,0,0,11.25,76.22,0.7,74.53999999999999,1.4,61.36363636363637
17103,2,M,19.0,S,Private,0.0,3.727,10.391,6.3,9.695,7,18.427,0,1,8.5,64.89,12.8,76.22,0.7,31.05022831050228
17198,1,M,17.0,S,Private,0.0,2.0,14.025,14.025,14.306,1,2.5,0,0,8.0,76.22,0.7,66.44,5.2,3.6363636363636362
17215,1,M,18.0,S,Private,1.0,2.5,9.168,9.168,8.641,2,15.833,0,0,5.0,76.22,0.7,76.22,0.7,2.272727272727273
17279,1,M,30.0,S,Private,0.0,4.0,10.156,14.018,10.131,23,9.343,0,1,8.579,68.32000000000001,6.2,66.44,5.2,74.0909090909091
17333,1,M,24.0,S,Private,0.0,3.0,9.91,9.91,9.889,4,7.889,0,1,5.333,76.22,0.7,74.53999999999999,1.4,7.30593607305936
17454,1,M,18.0,S,Private,0.0,3.5,6.944,6.944,6.778,2,29.0,0,0,3.0,76.22,0.7,64.12,9.1,1.3636363636363635
17455,1,M,23.0,S,Private,0.0,4.917,14.818,17.113,14.239,13,7.735,0,1,15.917,68.55,6.6,76.22,0.7,87.21461187214612
17790,1,F,17.0,S,Private,0.0,3.0,8.1,8.1,8.1,1,21.333,0,0,3.0,76.53,0.3,66.44,5.2,1.3636363636363635
17964,1,M,20.0,S,Private,2.0,4.095,12.366,13.248,12.343,22,7.761,0,1,10.381,64.98,6.2,66.95,6.2,99.0909090909091
18069,1,M,26.0,S,Public,2.0,4.333,10.259,12.96,10.185,10,19.589,0,1,9.25,52.66,23.5,74.53999999999999,1.4,33.63636363636363
18242,1,M,18.0,S,Private,0.0,6.0,10.021,16.15,10.116,2,13.083,0,0,10.0,76.22,0.7,67.39,6.4,9.090909090909092
18353,1,M,18.0,S,Private,0.0,5.5,9.917,9.917,9.457,2,14.017,0,0,8.5,76.22,0.7,64.98,6.2,7.727272727272727
18365,1,M,20.0,S,Private,3.0,4.056,12.829,15.504,13.316,19,6.861,0,1,12.471,69.66,7.7,69.66,7.7,96.36363636363636
18557,2,M,19.0,S,Private,0.0,4.5,10.012,12.37,9.623,3,9.458,0,0,4.75,76.22,0.7,64.98,6.2,8.636363636363637
18948,1,M,25.0,S,Private,1.0,4.5,7.662,10.485,8.003,4,20.5,0,0,4.75,76.22,0.7,74.53999999999999,1.4,8.636363636363637
19027,1,M,18.5,S,Public,0.0,3.5,7.225,4.95,7.174,4,24.562,0,0,7.0,76.22,0.7,64.98,6.2,6.363636363636363
19129,1,M,21.0,S,Private,0.0,3.952,12.575,15.108,12.194,22,2.608,0,1,9.9,64.89,12.8,67.39,6.4,90.0
19184,1,M,21.0,S,Public,1.0,4.529,12.969,14.323,13.05,18,2.404,0,1,13.75,76.22,0.7,64.98,6.2,100.0
19269,1,M,21.0,S,Private,0.0,4.867,12.975,15.092,12.956,16,8.048,0,1,13.533,67.62,14.2,68.93,4.0,92.27272727272727
19324,1,M,21.5,S,Private,0.0,2.667,7.552,7.552,6.011,3,17.222,0,0,4.0,76.22,0.7,76.22,0.7,3.65296803652968
19391,1,M,23.0,S,Public,0.0,3.667,17.043,18.665,17.101,7,0.378,0,1,12.167,64.89,12.8,66.44,5.2,33.33333333333333
19432,1,M,18.0,S,Private,0.0,3.4,8.729,8.995,8.822,5,12.65,0,0,7.333,76.22,0.7,76.53,0.3,10.0
19476,1,M,20.5,S,Public,0.0,4.0,12.147,13.286,12.071,20,14.434,0,1,10.368,76.22,0.7,68.93,4.0,89.54545454545455
19586,1,M,18.0,S,Private,0.0,3.0,8.581,8.581,8.568,3,6.722,0,0,4.5,76.22,0.7,64.12,9.1,4.090909090909091
19668,1,M,21.0,S,Public,0.0,3.0,12.289,12.289,11.153,3,7.167,0,0,4.667,60.050000000000004,14.1,60.050000000000004,14.1,6.363636363636363
19852,1,M,22.0,S,Private,1.0,1.5,14.525,11.9,13.8,2,8.75,0,0,4.0,60.78,12.6,68.93,4.0,3.6363636363636362
19929,1,M,17.0,S,Private,0.0,2.0,15.785,15.785,16.044,1,0.0,0,0,8.0,76.22,0.7,66.32000000000001,4.3,3.6363636363636362
20084,1,M,22.0,S,Private,0.0,2.5,5.462,5.462,4.268,2,29.75,0,0,3.0,76.22,0.7,64.98,6.2,1.3636363636363635
20113,1,M,25.0,S,Private,0.0,6.0,11.558,15.325,11.892,4,5.095,0,1,14.667,70.19,7.0,66.67999999999999,4.7,20.091324200913242
20182,1,F,17.0,S,Private,0.0,4.333,12.48,16.13,11.955,3,11.222,0,0,11.0,70.19,7.0,66.44,5.2,15.0
20197,1,M,18.0,S,Private,0.0,4.75,9.768,13.76,9.812,4,13.95,0,0,8.0,76.22,0.7,64.12,9.1,14.545454545454545
20246,1,M,20.0,S,Private,0.0,6.0,10.993,13.937,12.589,1,13.167,0,0,11.0,76.22,0.7,74.53999999999999,1.4,5.0228310502283104
20255,1,F,18.0,S,Private,0.0,4.2,11.697,15.352,11.489,10,10.822,0,0,10.1,76.22,0.7,76.22,0.7,45.909090909090914
20301,1,M,21.0,S,Private,0.0,6.0,9.02,9.02,8.641,1,24.167,0,0,6.0,76.22,0.7,74.53999999999999,1.4,2.73972602739726
20344,1,M,23.0,S,Private,4.0,5.231,12.818,13.938,13.138,13,13.928,0,1,14.5,76.22,0.7,66.44,5.2,79.0909090909091
20422,1,M,26.5,S,Public,0.0,2.667,11.568,11.568,11.061,3,22.667,0,0,6.333,47.599999999999994,24.3,64.12,9.1,8.67579908675799
20500,1,M,22.0,S,Private,0.0,3.5,9.937,10.77,11.15,4,21.008,0,0,12.0,67.62,14.2,76.22,0.7,16.363636363636363
20671,1,M,21.5,S,Private,0.0,2.667,10.078,12.36,9.245,3,10.528,0,0,3.667,76.47,8.0,74.53999999999999,1.4,5.0228310502283104
20789,1,M,17.0,S,Private,0.0,3.0,6.913,6.913,6.049,1,18.333,0,0,3.0,64.56,14.4,68.93,4.0,1.3636363636363635
20906,1,M,18.0,S,Private,1.0,6.0,9.102,9.102,8.667,1,4.333,0,0,6.0,76.22,0.7,64.98,6.2,2.727272727272727
20974,1,M,18.0,S,Private,0.0,5.0,7.996,7.996,7.566,2,20.0,0,0,3.0,76.22,0.7,64.98,6.2,2.727272727272727
20982,1,F,21.0,S,Public,1.0,3.5,10.632,18.25,9.948,4,5.083,0,0,6.667,56.489999999999995,16.3,64.12,9.1,9.090909090909092
20988,1,M,31.5,S,Private,0.0,3.333,10.251,10.251,9.565,7,16.275,0,1,6.4,64.89,12.8,76.22,0.7,14.61187214611872
21160,1,M,22.0,S,Public,2.0,6.0,9.84,9.84,9.254,1,3.667,0,0,10.0,60.25,13.4,76.22,0.7,4.545454545454546
21192,1,F,19.0,S,Public,1.0,4.333,11.33,17.68,11.034,3,0.278,0,0,8.667,56.489999999999995,16.3,56.489999999999995,16.3,11.818181818181818
21218,1,F,18.0,S,Public,2.0,6.0,11.152,11.152,10.843,1,4.5,0,0,10.0,55.31,25.9,56.489999999999995,16.3,4.545454545454546
21302,1,F,20.0,S,Public,3.0,3.0,11.065,11.065,12.528,2,32.0,0,0,15.0,64.12,9.1,64.12,9.1,6.8181818181818175
21336,1,M,40.0,S,Private,1.0,2.8,10.874,10.874,11.063,11,13.425,0,1,7.0,76.22,0.7,74.53999999999999,1.4,25.454545454545453
21771,1,F,23.0,S,Public,0.0,3.5,3.194,14.185,5.638,2,35.625,0,0,3.5,69.66,7.7,76.53,0.3,3.1818181818181817
21883,1,F,17.0,S,Private,0.0,4.333,9.119,12.16,8.887,3,5.911,0,0,3.667,67.39,6.4,64.12,9.1,5.0
21966,2,M,18.0,S,Private,0.0,4.667,8.307,8.307,7.929,2,11.167,0,0,4.0,76.22,0.7,66.44,5.2,3.6363636363636362
21969,1,M,17.0,S,Private,0.0,3.0,12.167,12.167,11.101,3,2.167,0,0,6.0,76.22,0.7,74.53999999999999,1.4,8.181818181818182
22123,1,M,23.0,S,Private,0.0,3.5,13.415,13.415,13.101,9,7.688,0,1,9.5,78.88,0.1,64.12,9.1,34.70319634703196
22187,1,M,23.0,S,Public,1.0,5.2,12.941,16.35,12.744,6,4.3,0,1,14.2,76.22,0.7,64.98,6.2,32.42009132420091
22196,1,F,18.0,S,Private,0.0,2.5,13.285,13.285,13.23,2,5.0,0,0,7.0,76.22,0.7,74.53999999999999,1.4,6.363636363636363
22403,1,M,21.0,S,Public,1.0,5.0,11.016,11.016,10.628,1,12.2,0,0,6.0,64.12,9.1,64.12,9.1,2.73972602739726
22420,1,M,20.5,S,Private,0.0,4.1,11.439,12.271,11.306,21,19.843,0,1,10.579,76.22,0.7,74.53999999999999,1.4,91.36363636363637
22495,1,M,17.0,S,Private,0.0,3.5,10.207,10.207,8.408,2,15.417,0,0,3.0,66.32000000000001,4.3,76.22,0.7,2.727272727272727
22597,1,M,18.0,S,Public,0.0,1.5,8.652,8.652,9.583,2,23.0,0,0,3.0,76.22,0.7,66.44,5.2,1.3636363636363635
22838,1,M,20.0,S,Private,2.0,3.583,11.215,13.168,10.959,12,9.032,0,0,7.333,76.22,0.7,64.12,9.1,40.0
22890,1,M,23.5,S,Private,5.0,2.0,11.545,12.355,10.192,3,22.556,0,0,4.333,79.33,5.5,75.85,7.9,5.909090909090909
22988,1,M,23.0,S,Private,0.0,1.5,6.495,6.495,8.58,3,0.0,0,1,6.0,76.22,0.7,76.22,0.7,2.727272727272727
23074,1,M,17.0,S,Private,1.0,4.0,8.677,15.13,8.828,3,12.472,0,0,5.0,64.98,6.2,64.98,6.2,6.8181818181818175
23142,1,M,25.0,S,Public,1.0,4.733,12.675,13.65,12.645,16,12.987,0,1,13.714,73.66,5.5,64.98,6.2,87.27272727272727
23146,1,M,18.0,S,Private,0.0,2.0,8.16,8.16,6.752,1,37.5,0,0,3.0,67.39,6.4,74.53999999999999,1.4,1.3636363636363635
23262,1,M,22.5,S,Private,1.0,2.667,4.561,15.8,5.63,3,38.389,0,0,3.0,57.599999999999994,21.7,57.599999999999994,21.7,2.73972602739726
23312,1,M,17.0,S,Public,0.0,4.667,12.553,14.0,11.782,3,3.833,0,0,10.0,76.22,0.7,64.98,6.2,13.636363636363635
23603,1,M,19.0,S,Private,0.0,3.5,11.573,11.573,9.696,2,0.833,0,0,3.0,76.22,0.7,64.12,9.1,2.727272727272727
23608,1,M,19.0,S,Public,0.0,4.75,11.843,17.05,11.753,4,12.983,0,0,10.5,76.22,0.7,66.44,5.2,19.090909090909093
23758,1,M,17.0,S,Private,0.0,5.5,8.725,5.15,8.807,2,20.917,0,0,7.0,52.470000000000006,20.5,52.470000000000006,20.5,3.1818181818181817
23779,1,M,23.0,S,Private,3.0,3.833,13.154,18.35,13.426,6,17.944,0,0,15.0,63.370000000000005,7.5,55.38999999999999,14.1,34.090909090909086
23859,1,M,21.0,S,Public,0.0,4.938,12.056,13.474,12.115,17,6.45,0,1,12.625,67.39,6.4,66.44,5.2,91.81818181818183
23880,1,M,21.0,S,Private,0.0,3.308,14.124,16.66,13.97,14,6.387,1,1,9.846,76.22,0.7,64.12,9.1,58.44748858447488
23905,1,M,23.0,S,Private,0.0,4.0,12.927,14.59,13.015,9,9.362,0,1,11.375,67.39,6.4,67.39,6.4,41.55251141552511
23945,1,F,18.0,S,Private,0.0,6.0,9.185,9.185,8.769,1,19.333,0,0,6.0,76.22,0.7,67.39,6.4,2.727272727272727
24199,1,M,17.0,S,Private,1.0,6.0,10.873,10.873,10.824,1,5.0,0,0,4.0,76.22,0.7,67.39,6.4,1.8181818181818181
24440,1,F,20.0,S,Public,1.0,5.0,11.737,15.862,12.578,4,3.696,0,0,12.667,56.489999999999995,16.3,56.489999999999995,16.3,17.272727272727273
24532,1,F,18.0,S,Public,1.0,6.0,11.642,11.642,11.101,1,3.5,0,0,9.0,66.44,5.2,66.44,5.2,4.090909090909091
24544,1,F,22.0,S,Public,1.0,4.647,13.004,15.742,13.225,18,5.522,0,1,12.471,76.22,0.7,66.44,5.2,96.36363636363636
24556,1,M,21.0,S,Public,1.0,5.071,13.357,15.796,13.613,15,4.491,0,1,14.643,57.599999999999994,21.7,66.32000000000001,11.2,93.18181818181817
24631,1,F,23.0,S,Public,1.0,4.933,13.248,14.795,13.071,16,3.382,0,1,14.133,39.47,29.9,64.12,9.1,96.36363636363636
24870,2,M,21.0,S,Private,0.0,4.5,12.31,12.31,13.832,3,27.258,0,0,15.0,76.22,0.7,64.98,6.2,20.54794520547945
24929,1,M,17.0,S,Private,0.0,3.0,12.45,12.45,12.521,1,2.667,0,0,8.0,41.65,45.2,64.98,6.2,3.6363636363636362
25012,1,M,25.0,S,Private,0.0,4.0,11.944,11.944,12.0,10,4.974,0,1,10.25,76.22,0.7,64.12,9.1,37.44292237442922
25017,1,M,17.0,S,Private,0.0,6.0,8.573,8.573,7.554,1,20.333,0,0,9.0,57.599999999999994,21.7,57.599999999999994,21.7,4.090909090909091
25137,1,M,21.0,S,Public,0.0,6.0,7.9,11.5,8.801,1,24.0,0,0,11.0,76.22,0.7,76.22,0.7,5.0228310502283104
25388,1,M,18.0,S,Private,0.0,4.0,10.921,13.98,10.171,3,2.844,0,0,8.667,76.22,0.7,74.53999999999999,1.4,11.818181818181818
25550,1,M,21.0,S,Private,0.0,5.727,14.208,15.115,14.367,12,4.629,0,1,17.455,64.56,6.4,68.55,6.6,87.27272727272727
25664,1,M,17.0,S,Private,0.0,4.5,12.649,12.649,12.149,2,6.583,0,0,9.5,76.22,0.7,64.12,9.1,8.636363636363637
25819,1,M,20.0,S,Private,0.0,4.091,11.897,12.57,11.648,12,3.127,0,1,12.0,76.22,0.7,67.39,6.4,49.31506849315068
25931,1,M,21.0,S,Private,0.0,3.625,13.232,12.885,12.881,9,7.362,0,1,11.0,64.12,9.1,64.12,9.1,40.182648401826484
25949,1,M,22.0,S,Private,0.0,5.222,14.503,14.375,14.218,10,4.537,1,1,15.889,76.22,0.7,64.12,9.1,65.29680365296804
25956,1,M,20.0,S,Private,0.0,5.214,14.162,15.084,13.725,15,10.38,0,1,15.071,76.22,0.7,66.67999999999999,4.7,95.9090909090909
26148,1,M,20.0,S,Private,0.0,4.0,11.85,12.987,11.753,13,6.092,0,1,9.636,76.22,0.7,66.44,5.2,48.401826484018265
26156,1,M,20.0,S,Private,0.0,4.0,9.882,9.882,8.988,2,13.667,0,0,4.5,64.12,9.1,64.12,9.1,4.090909090909091
26178,1,F,16.0,S,Private,1.0,2.0,10.94,10.94,10.465,1,4.0,0,0,3.0,70.19,7.0,70.19,7.0,1.3636363636363635
26209,1,M,17.0,S,Private,0.0,6.0,7.062,7.062,6.469,1,21.667,0,0,6.0,76.22,0.7,74.53999999999999,1.4,2.727272727272727
26211,1,F,16.0,S,Private,0.0,2.0,11.85,11.85,11.362,1,0.0,0,0,3.0,76.22,0.7,68.93,4.0,1.3636363636363635
26229,1,M,19.0,S,Private,0.0,4.75,9.965,11.105,8.124,4,8.317,0,0,6.25,64.88000000000001,11.5,64.88000000000001,11.5,11.415525114155251
26317,1,M,24.0,S,Private,1.0,4.75,8.201,12.355,9.007,4,10.083,0,0,10.333,76.22,0.7,76.53,0.3,14.09090909090909
26391,1,F,20.0,S,Private,0.0,5.167,13.876,14.516,13.749,13,12.131,0,1,15.0,64.98,6.2,76.53,0.3,81.81818181818183
26419,1,M,20.0,S,Private,0.0,5.385,13.261,15.884,13.511,14,9.222,0,1,15.846,58.76,3.1,58.76,3.1,93.63636363636364
26436,1,M,19.0,S,Private,0.0,5.417,12.309,11.815,12.266,13,16.479,0,1,13.917,76.22,0.7,74.53999999999999,1.4,75.9090909090909
26448,1,F,17.0,S,Private,0.0,4.0,12.072,12.072,10.902,3,4.222,0,0,7.333,76.22,0.7,66.44,5.2,10.0
26455,1,M,17.0,S,Private,0.0,3.5,8.896,8.896,6.829,2,9.5,0,0,3.0,83.72,0.5,74.53999999999999,1.4,1.3636363636363635
26474,1,M,19.0,S,Private,1.0,6.0,17.557,17.557,17.702,1,3.833,0,0,21.0,83.72,0.5,84.52,1.2,9.545454545454547
26482,1,M,18.0,S,Private,0.0,3.5,8.279,8.279,7.046,2,19.1,0,0,3.0,76.22,0.7,76.22,0.7,1.3636363636363635
26488,1,M,22.0,S,Private,0.0,6.0,12.82,12.82,12.387,1,4.333,0,0,13.0,76.22,0.7,76.22,0.7,5.909090909090909
26567,1,M,19.0,S,Private,0.0,4.0,7.867,7.867,6.966,2,19.083,0,0,3.0,76.22,0.7,76.53,0.3,2.727272727272727
26599,1,M,21.5,S,Private,0.0,3.667,11.827,11.827,11.586,7,13.8,0,1,9.333,67.39,6.4,66.67999999999999,4.7,25.570776255707763
26602,1,M,18.0,S,Private,0.0,4.0,12.069,12.069,10.873,2,7.25,0,0,9.0,76.22,0.7,67.39,6.4,8.181818181818182
26635,1,M,17.0,S,Private,0.0,6.0,10.438,10.438,10.064,1,3.833,0,0,6.0,64.89,12.8,64.98,6.2,2.727272727272727
26650,1,M,20.0,S,Private,0.0,5.615,14.024,15.475,14.009,14,5.668,0,1,16.923,76.22,0.7,64.12,9.1,100.0
26700,1,M,19.0,S,Private,0.0,6.0,6.765,6.765,5.719,1,22.5,0,0,6.0,76.22,0.7,66.44,5.2,2.727272727272727
26733,1,M,23.0,S,Private,1.0,3.75,10.965,8.625,10.405,9,18.153,0,1,7.571,76.22,0.7,68.93,4.0,24.200913242009133
26763,1,M,17.0,S,Private,0.0,4.0,8.789,8.789,7.913,2,16.083,0,0,4.5,64.98,6.2,64.12,9.1,4.090909090909091
26895,1,M,17.0,S,Public,0.0,6.0,10.572,10.572,9.848,1,10.667,0,0,6.0,64.56,6.4,74.53999999999999,1.4,2.727272727272727
27073,1,M,21.0,S,Public,1.0,5.214,13.924,15.078,13.905,15,2.844,0,1,15.5,50.42,33.9,60.050000000000004,14.1,98.63636363636363
27187,1,M,19.0,S,Public,1.0,3.75,11.544,11.544,10.44,4,9.292,0,0,5.0,35.82,49.2,66.32000000000001,4.3,9.090909090909092
27389,1,M,17.0,S,Private,0.0,3.5,13.352,13.352,12.44,2,1.917,0,0,8.0,76.22,0.7,74.53999999999999,1.4,7.2727272727272725
27409,1,M,19.0,S,Public,0.0,4.0,8.583,9.23,9.918,2,13.433,0,0,3.0,76.22,0.7,64.12,9.1,2.727272727272727
27743,1,M,17.0,S,Private,1.0,4.0,8.325,10.76,9.313,3,22.611,0,0,9.0,76.22,0.7,66.44,5.2,8.181818181818182
27747,1,M,18.0,S,Private,0.0,6.0,7.777,7.777,7.796,1,14.0,0,0,6.0,76.22,0.7,64.98,6.2,2.727272727272727
27807,1,M,24.0,S,Private,0.0,4.5,10.471,18.3,14.179,2,22.071,0,0,22.0,83.72,0.5,80.17999999999999,1.2,10.0
27881,1,M,22.0,S,Public,0.0,6.0,12.178,12.178,12.015,3,0.0,0,1,14.0,52.66,23.5,64.98,6.2,12.785388127853881
27936,1,M,21.0,S,Private,0.0,5.0,12.802,12.802,13.465,1,8.6,0,0,15.0,60.83,6.6,63.62,7.4,6.8181818181818175
27978,1,M,24.0,S,Private,1.0,3.5,10.378,10.378,11.276,3,0.0,0,1,10.0,76.47,8.0,76.22,0.7,9.1324200913242
28024,1,M,23.0,S,Private,2.0,4.333,8.328,12.23,8.574,6,25.739,0,0,9.0,76.22,0.7,66.89,6.3,20.454545454545457
28025,1,M,18.0,S,Private,0.0,4.0,8.972,8.972,10.95,1,19.75,0,0,6.0,76.22,0.7,76.53,0.3,2.727272727272727
28062,1,M,20.0,S,Private,0.0,4.5,13.173,12.753,12.647,17,4.225,0,1,11.812,76.22,0.7,67.39,6.4,85.9090909090909
28151,1,F,29.0,S,Public,0.0,5.0,12.716,12.716,11.876,6,7.8,0,1,12.4,59.89,3.0,74.53999999999999,1.4,28.31050228310502
28174,1,M,19.0,S,Private,1.0,6.0,16.01,16.99,16.071,4,1.812,0,0,20.25,68.32000000000001,18.2,68.32000000000001,18.2,36.81818181818181
28257,1,M,21.0,S,Private,0.0,5.0,11.372,13.1,11.6,2,8.333,0,0,9.0,64.12,9.1,66.95,6.2,8.21917808219178
28424,1,F,19.0,S,Public,1.0,3.75,10.928,17.69,10.959,4,10.667,0,0,8.0,49.19,29.6,76.22,0.7,10.909090909090908
28445,1,M,23.0,S,Public,0.0,5.154,15.322,15.854,14.759,14,9.712,1,1,15.615,76.47,8.0,63.29,15.4,92.69406392694064
28587,1,M,19.0,S,Private,0.0,4.385,12.318,13.825,11.525,14,2.69,0,1,11.0,76.22,0.7,60.699999999999996,19.7,65.29680365296804
28676,1,M,17.0,S,Private,0.0,4.333,12.211,13.62,9.934,3,10.0,0,0,7.333,76.22,0.7,76.53,0.3,10.045662100456621
28704,1,M,19.0,S,Public,0.0,4.846,14.412,15.09,13.895,14,9.964,1,1,15.462,76.22,0.7,74.53999999999999,1.4,91.78082191780823
28739,1,F,19.0,S,Private,0.0,5.077,14.824,15.982,14.238,14,3.969,1,1,15.846,76.22,0.7,66.67999999999999,4.7,94.06392694063926
28784,1,M,20.0,S,Private,0.0,4.833,13.54,15.135,12.8,13,9.746,0,1,14.667,76.22,0.7,67.39,6.4,80.36529680365297
28823,1,M,19.0,S,Private,0.0,3.75,13.311,14.02,11.789,17,6.049,0,1,9.625,76.22,0.7,68.55,6.6,70.31963470319634
28846,1,M,24.0,S,Private,1.0,4.083,12.586,17.265,11.641,12,4.406,0,1,10.917,76.22,0.7,68.55,6.6,59.817351598173516
28904,1,M,21.0,S,Private,1.0,4.333,8.419,8.419,8.586,4,20.722,0,1,4.5,64.56,6.4,74.53999999999999,1.4,4.10958904109589
28932,1,M,20.0,S,Public,0.0,4.786,13.853,14.558,13.185,15,8.179,0,1,13.357,76.22,0.7,64.98,6.2,85.38812785388129
28962,1,M,19.0,S,Private,0.0,3.727,11.593,14.065,11.572,12,13.871,0,1,10.5,76.22,0.7,63.62,7.4,47.94520547945205
29000,1,M,19.0,S,Private,0.0,4.692,13.746,16.625,13.16,14,1.697,0,1,13.846,76.22,0.7,64.12,9.1,82.1917808219178
29032,1,M,18.0,S,Public,1.0,3.5,13.222,13.222,9.75,2,6.917,0,0,6.0,76.22,0.7,64.98,6.2,5.47945205479452
29038,1,M,19.0,S,Private,0.0,5.0,14.65,17.213,14.302,14,2.526,0,1,16.0,76.22,0.7,66.44,5.2,94.97716894977168
29084,1,M,19.0,S,Private,0.0,4.143,12.305,13.13,11.752,15,0.171,0,1,10.714,67.39,6.4,66.67999999999999,4.7,68.4931506849315
29100,1,M,19.0,S,Private,0.0,4.75,14.479,14.35,14.557,4,4.4,0,0,15.25,76.22,0.7,76.22,0.7,27.85388127853881
29151,1,M,24.0,S,Public,0.0,4.643,13.148,16.145,12.967,15,7.064,0,1,14.846,67.39,6.4,67.39,6.4,88.12785388127854
29192,1,M,20.0,S,Private,6.0,2.667,9.641,9.641,7.824,7,11.333,0,1,6.333,76.22,0.7,76.22,0.7,8.67579908675799
29227,1,M,17.0,S,Private,0.0,4.667,11.545,0.0,9.597,3,4.056,0,0,7.667,76.22,0.7,74.53999999999999,1.4,10.50228310502283
29233,1,M,20.0,S,Private,0.0,4.889,15.008,14.67,15.095,10,2.789,1,1,16.444,68.32000000000001,6.2,67.39,6.4,67.57990867579909
29241,1,M,20.0,S,Private,0.0,3.909,15.165,15.215,14.832,12,5.082,0,1,13.091,67.71000000000001,2.2,64.12,9.1,65.75342465753424
29289,1,M,26.0,S,Private,2.0,4.0,9.861,13.875,11.631,4,24.35,0,0,11.333,83.26,0.1,66.44,5.2,15.52511415525114
29326,1,M,20.0,S,Private,0.0,4.357,11.875,13.178,10.956,15,13.2,0,1,10.154,76.22,0.7,74.53999999999999,1.4,60.273972602739725
29355,1,M,20.0,S,Private,0.0,3.167,9.545,12.48,9.533,7,7.347,0,1,6.8,64.98,6.2,64.12,9.1,15.52511415525114
29413,1,F,19.0,S,Private,0.0,5.333,13.278,15.79,12.701,13,7.569,0,1,15.083,76.22,0.7,74.53999999999999,1.4,82.64840182648402
29442,1,M,19.0,S,Private,0.0,5.25,13.967,14.073,14.039,13,4.251,0,1,15.833,76.22,0.7,60.25,13.4,86.7579908675799
29454,1,M,19.0,S,Private,0.0,5.25,13.953,15.045,13.597,13,7.232,0,1,16.417,64.89,12.8,76.22,0.7,89.95433789954338
29475,1,M,17.0,S,Private,0.0,4.5,12.716,14.815,11.792,4,6.833,0,0,12.75,76.22,0.7,66.44,5.2,23.28767123287671
29547,1,M,21.0,S,Private,0.0,4.308,13.396,13.48,13.283,14,8.974,0,1,11.923,64.98,6.2,64.98,6.2,70.77625570776256
29619,1,M,26.0,S,Private,0.0,4.25,11.207,11.207,10.645,5,11.188,0,1,7.5,76.22,0.7,64.98,6.2,13.698630136986301
29655,1,F,23.0,S,Private,0.0,4.25,13.558,17.07,13.168,5,7.1,0,1,12.0,76.22,0.7,76.22,0.7,21.91780821917808
29694,1,M,21.0,S,Private,0.0,4.0,10.51,10.51,10.349,1,0.0,0,0,7.0,83.26,0.1,76.22,0.7,3.1963470319634704
29758,1,M,22.0,S,Public,1.0,4.556,10.961,13.17,11.303,10,14.166,0,1,12.125,58.56,15.7,66.32000000000001,4.3,44.29223744292237
29849,1,M,20.0,S,Public,0.0,5.25,11.034,14.92,10.579,4,10.375,0,0,9.0,64.56,6.4,66.44,5.2,16.43835616438356
29904,1,M,19.0,S,Private,0.0,6.0,13.309,12.002,13.126,11,4.297,0,1,15.4,76.22,0.7,66.44,5.2,70.31963470319634
29952,1,F,20.0,S,Private,0.0,3.625,13.297,13.297,12.626,9,3.375,0,1,10.0,74.38,6.1,72.67,5.2,36.5296803652968
29967,1,M,27.0,S,Private,0.0,3.0,8.891,15.46,12.429,3,0.0,0,1,15.0,71.41999999999999,11.1,66.44,5.2,6.8493150684931505
30080,1,F,20.5,S,Private,0.0,6.0,10.294,14.85,10.304,2,11.0,0,0,9.0,71.41999999999999,11.1,66.44,5.2,8.21917808219178
30250,1,F,18.0,S,Private,0.0,6.0,15.56,15.56,14.959,1,0.667,0,0,22.0,57.599999999999994,21.7,57.599999999999994,21.7,10.045662100456621
30292,1,M,20.0,S,Private,0.0,4.25,13.229,14.413,12.202,17,11.138,0,1,10.875,76.22,0.7,66.95,6.2,79.45205479452055
30828,1,F,22.0,S,Public,0.0,4.875,13.993,15.36,14.352,9,1.298,1,1,17.429,38.16,43.8,38.16,43.8,55.70776255707762
31388,1,M,19.0,S,Private,0.0,6.0,14.858,14.858,14.301,1,9.0,0,0,22.0,76.22,0.7,64.98,6.2,10.045662100456621
31406,1,M,26.0,S,Public,6.0,1.75,8.632,8.632,9.453,4,24.75,0,1,6.0,83.72,0.5,76.22,0.7,5.47945205479452
31472,1,M,20.0,S,Public,0.0,6.0,10.985,10.985,10.744,1,8.667,0,0,13.0,55.089999999999996,11.9,66.44,5.2,5.93607305936073
31497,1,M,23.0,S,Private,0.0,3.833,15.53,16.82,15.798,7,4.178,0,1,13.167,66.32000000000001,4.3,64.12,9.1,36.07305936073059
31518,1,M,21.0,S,Public,0.0,6.0,10.632,10.632,10.949,1,20.667,0,0,13.0,76.53,0.3,64.12,9.1,5.93607305936073
31519,1,M,21.0,S,Private,2.0,5.25,13.725,12.78,14.059,4,18.17,0,0,15.0,64.98,6.2,64.98,6.2,27.397260273972602
31575,1,M,17.5,S,Public,0.0,6.0,7.202,5.87,7.78,2,29.583,0,0,6.0,64.35,5.4,68.93,4.0,2.73972602739726
31681,1,M,23.0,S,Private,0.0,6.0,11.223,9.83,11.347,5,14.267,0,1,14.0,76.22,0.7,64.98,6.2,25.570776255707763
31881,1,M,20.0,S,Private,0.0,4.0,13.998,13.998,14.186,5,2.3,0,1,14.0,64.98,6.2,68.55,6.6,25.570776255707763
31954,1,M,25.0,S,Private,0.0,3.5,13.143,13.143,12.919,7,4.194,0,1,9.333,76.22,0.7,76.53,0.3,25.570776255707763
31993,1,M,17.0,S,Private,0.0,5.5,8.742,7.55,9.534,2,19.033,0,0,13.0,64.35,5.4,64.35,5.4,5.93607305936073
32003,1,M,19.0,S,Private,2.0,5.0,12.226,14.158,12.751,4,9.312,0,0,11.75,64.89,12.8,64.89,12.8,21.461187214611872
32021,1,M,20.0,S,Private,1.0,2.0,12.08,12.08,12.091,1,19.0,0,0,7.0,64.35,5.4,64.35,5.4,3.1963470319634704
32091,1,M,20.0,S,Private,0.0,4.909,12.0,12.118,11.745,12,7.088,0,1,13.0,76.22,0.7,74.53999999999999,1.4,59.3607305936073
32114,1,M,18.0,S,Private,0.0,6.0,8.047,8.047,8.066,1,8.333,0,0,6.0,33.67,53.1,68.93,4.0,2.73972602739726
32147,1,M,19.0,S,Private,0.0,4.5,12.581,14.48,12.242,10,8.297,0,1,12.2,76.53,0.3,76.53,0.3,55.70776255707762
32215,1,M,21.0,S,Public,1.0,4.0,7.83,14.45,8.26,2,31.875,0,0,6.0,76.22,0.7,74.53999999999999,1.4,2.73972602739726
32255,1,M,23.0,S,Private,1.0,4.444,11.942,11.905,11.379,10,12.195,0,1,10.444,81.21000000000001,4.0,70.11,17.7,42.922374429223744
32304,1,M,20.0,S,Private,0.0,5.111,12.3,15.15,11.664,10,7.032,0,1,13.0,76.22,0.7,68.93,4.0,53.42465753424658
32324,1,M,37.0,S,Private,0.0,4.417,15.42,16.475,14.548,13,9.833,1,1,15.0,76.22,0.7,74.53999999999999,1.4,82.1917808219178
32341,1,M,17.0,S,Private,0.0,4.667,10.584,11.39,7.861,3,10.889,0,0,5.667,76.22,0.7,64.56,6.4,7.76255707762557
32393,1,F,18.0,S,Private,0.0,4.6,14.839,15.29,14.63,11,1.607,0,1,15.1,76.22,0.7,64.12,9.1,68.94977168949772
32540,1,M,20.0,S,Private,0.0,3.5,8.597,1.2,7.517,3,0.0,0,1,4.5,64.98,6.2,64.98,6.2,4.10958904109589
32552,1,M,20.0,S,Private,0.0,4.2,11.988,13.2,11.789,6,4.733,0,1,11.4,76.47,8.0,66.95,6.2,26.027397260273972
32555,1,F,17.0,S,Private,0.0,3.5,12.264,12.264,9.121,2,5.667,0,0,7.0,76.22,0.7,74.53999999999999,1.4,6.392694063926941
32589,1,M,19.5,S,Public,0.0,5.091,14.946,17.2,14.529,12,1.439,1,1,16.182,76.22,0.7,66.95,6.2,81.27853881278538
32595,1,M,20.0,S,Private,0.0,6.5,15.855,16.8,15.88,9,1.205,0,1,21.875,76.22,0.7,74.53999999999999,1.4,79.90867579908677
32613,1,M,17.0,S,Private,0.0,4.0,10.977,10.977,5.701,2,1.5,0,0,7.0,66.95,6.2,76.22,0.7,6.392694063926941
32629,1,M,20.0,S,Private,0.0,5.0,12.588,13.77,12.363,5,8.8,0,1,12.5,73.89,1.4,67.39,6.4,22.831050228310502
32651,1,M,18.5,S,Public,0.0,5.778,16.165,15.29,15.883,10,3.868,1,1,19.111,64.98,6.2,66.95,6.2,78.53881278538812
32655,1,M,20.0,S,Public,1.0,8.0,11.098,14.837,12.614,1,7.125,0,0,15.0,55.31,25.9,74.53999999999999,1.4,6.8493150684931505
32687,1,M,19.0,S,Private,0.0,5.5,10.814,14.265,10.976,2,5.533,0,0,9.5,76.22,0.7,64.12,9.1,8.67579908675799
32735,1,M,18.0,S,Private,0.0,4.818,13.236,15.372,12.459,12,6.892,0,1,12.818,76.22,0.7,64.98,6.2,64.38356164383562
32773,1,M,19.0,S,Private,0.0,3.667,11.862,15.245,10.394,10,6.881,0,1,8.556,76.22,0.7,66.95,6.2,35.15981735159817
32778,1,F,17.0,S,Private,0.0,5.0,9.594,10.195,7.262,3,10.365,0,0,4.5,64.56,6.4,64.56,6.4,4.10958904109589
32807,1,M,20.0,S,Public,0.0,5.5,15.003,15.37,14.884,11,2.871,1,1,17.5,76.22,0.7,64.12,9.1,79.90867579908677
32812,1,M,19.0,S,Public,0.0,5.222,12.812,14.0,12.337,10,6.578,0,1,13.778,66.32000000000001,4.3,68.55,6.6,56.62100456621004
32815,1,M,18.0,S,Private,0.0,5.889,14.543,14.98,14.459,10,5.971,0,1,19.444,64.98,6.2,64.98,6.2,79.90867579908677
32837,1,M,17.0,S,Private,0.0,4.75,8.144,11.82,6.505,4,3.992,0,0,5.25,76.22,0.7,67.39,6.4,9.58904109589041
32852,1,M,18.0,S,Private,1.0,3.5,6.727,6.727,6.56,2,9.333,0,0,6.0,76.22,0.7,67.39,6.4,2.73972602739726
32854,1,M,17.0,S,Private,0.0,6.0,13.303,13.303,12.8,1,1.5,0,0,13.0,76.22,0.7,68.93,4.0,5.93607305936073
32858,1,M,19.0,S,Public,0.0,5.3,15.797,16.79,15.273,11,3.188,0,1,17.2,73.89,1.4,68.55,6.6,78.53881278538812
32859,1,M,17.0,S,Private,0.0,4.0,10.357,10.357,5.8,2,5.5,0,0,4.5,76.22,0.7,67.39,6.4,4.10958904109589
32860,1,F,19.0,S,Private,0.0,5.1,13.098,14.878,13.177,11,0.497,0,1,15.3,64.98,6.2,66.95,6.2,69.86301369863014
32899,1,M,20.0,S,Private,0.0,5.889,14.428,15.94,14.033,10,3.201,1,1,19.778,76.22,0.7,63.32,4.8,81.27853881278538
32920,1,M,19.0,S,Private,0.0,4.5,14.149,15.932,14.145,11,1.623,0,1,16.222,64.98,6.2,64.98,6.2,66.66666666666666
32922,1,F,17.0,S,Private,0.0,6.0,13.992,13.992,13.44,1,2.0,0,0,13.0,76.22,0.7,66.67999999999999,4.7,5.93607305936073
32949,1,M,21.0,S,Private,0.0,4.667,13.834,13.834,13.644,4,0.0,0,1,13.0,76.8,1.0,76.22,0.7,17.80821917808219
32975,1,M,19.0,S,Private,0.0,3.5,8.26,8.26,8.051,2,15.167,0,0,11.0,81.21000000000001,4.0,64.35,5.4,5.0228310502283104
33039,1,F,17.0,S,Private,0.0,6.0,11.665,11.665,10.338,1,4.667,0,0,14.0,76.22,0.7,67.39,6.4,6.392694063926941
33099,1,M,18.5,S,Private,0.0,5.2,14.102,14.865,13.823,11,2.464,0,1,16.2,64.12,9.1,64.12,9.1,73.97260273972603
33140,1,M,21.0,S,Private,0.0,5.5,17.584,18.25,17.449,3,0.0,0,1,18.5,64.89,12.8,64.89,12.8,16.894977168949772
33197,1,M,22.0,S,Public,0.0,4.364,13.737,15.64,13.05,12,3.281,0,1,13.0,76.22,0.7,66.32000000000001,4.3,65.29680365296804
33229,1,M,17.0,S,Public,0.0,4.333,10.954,8.97,9.707,3,18.556,0,0,10.0,76.22,0.7,76.22,0.7,13.698630136986301
33277,1,M,20.0,S,Private,0.0,6.5,16.866,17.42,16.879,9,2.461,1,1,21.875,76.22,0.7,64.98,6.2,79.90867579908677
33392,1,M,18.0,S,Private,0.0,5.0,13.496,13.775,12.401,11,4.626,0,1,14.3,74.53999999999999,1.4,67.39,6.4,65.29680365296804
33397,1,M,20.0,S,Private,2.0,4.125,11.363,14.54,10.051,9,9.025,0,1,7.857,66.95,6.2,67.39,6.4,25.11415525114155
33398,1,M,21.0,S,Private,0.0,3.8,13.23,13.23,12.895,6,5.64,0,1,11.4,76.22,0.7,64.98,6.2,26.027397260273972
33410,1,M,22.0,S,Private,0.0,5.444,12.389,14.32,12.396,10,9.588,0,1,14.889,58.56,15.7,64.98,6.2,61.18721461187214
33457,1,M,20.0,S,Private,0.0,4.857,12.584,14.42,11.708,8,6.595,0,1,11.857,70.19,7.0,70.19,7.0,37.89954337899543
33569,1,M,18.0,S,Private,0.0,3.5,10.892,10.892,7.87,2,0.917,0,0,11.0,76.22,0.7,66.44,5.2,5.0228310502283104
33607,1,M,21.0,S,Private,1.0,5.5,9.987,13.91,9.696,3,13.7,0,1,9.0,76.22,0.7,64.12,9.1,8.21917808219178
33789,1,M,19.0,S,Public,0.0,5.25,11.575,15.073,11.657,9,4.962,0,1,12.375,71.50999999999999,5.0,66.95,6.2,45.20547945205479
33795,1,M,22.5,S,Private,0.0,4.667,5.41,2.1,5.318,4,5.0,0,1,6.5,68.93,4.0,66.44,5.2,5.93607305936073
33803,1,M,17.0,S,Private,0.0,6.0,8.468,8.468,8.94,1,20.333,0,0,6.0,76.22,0.7,66.44,5.2,2.73972602739726
33810,1,F,17.5,S,Public,0.0,4.0,12.453,13.43,11.413,7,9.795,0,0,10.833,64.98,6.2,64.98,6.2,29.68036529680365
33890,1,M,19.0,S,Public,0.0,5.091,16.3,16.99,15.962,12,3.323,1,1,17.273,64.98,6.2,64.98,6.2,86.7579908675799
34362,1,M,20.0,S,Public,0.0,4.556,14.682,16.385,14.485,10,0.992,1,1,14.889,21.46,51.7,66.44,5.2,61.18721461187214
34813,1,F,22.0,S,Public,1.0,5.0,9.099,18.1,9.291,2,14.625,0,0,7.0,76.22,0.7,64.12,9.1,6.392694063926941
34830,1,M,18.0,S,Public,0.0,5.0,4.356,4.356,3.541,2,23.208,0,0,3.0,33.93,44.5,68.93,4.0,1.36986301369863
34832,1,M,20.5,S,Public,0.0,4.0,6.795,8.552,6.565,2,13.75,0,0,8.0,76.22,0.7,74.53999999999999,1.4,3.65296803652968
34848,1,M,26.0,S,Public,0.0,2.0,12.07,12.07,11.99,1,16.0,0,0,7.0,76.22,0.7,66.44,5.2,3.1963470319634704
34925,1,M,20.0,S,Public,2.0,4.5,9.749,13.485,8.515,5,6.229,0,1,6.5,76.22,0.7,76.53,0.3,11.87214611872146
35049,1,M,18.5,S,Private,1.0,5.0,11.274,9.99,10.711,7,5.262,0,1,10.333,76.22,0.7,74.53999999999999,1.4,28.31050228310502
35053,1,M,18.0,S,Private,0.0,5.429,17.017,18.41,16.941,8,1.163,1,1,18.714,64.38000000000001,13.7,76.53,0.3,59.817351598173516
35086,1,F,18.0,S,Private,1.0,4.375,15.514,17.615,14.525,9,0.327,0,1,14.25,64.98,6.2,64.98,6.2,52.054794520547944
35132,1,M,18.0,S,Private,0.0,5.125,15.063,14.375,13.966,9,0.964,0,1,17.375,76.22,0.7,74.53999999999999,1.4,63.4703196347032
35139,1,F,18.0,S,Private,1.0,4.667,12.781,13.515,11.418,7,6.494,0,1,12.333,68.32000000000001,6.2,76.53,0.3,33.789954337899545
35195,1,F,19.0,S,Private,0.0,4.111,12.381,15.027,12.228,10,1.241,0,1,10.375,64.98,6.2,64.98,6.2,37.89954337899543
35275,1,M,18.0,S,Private,0.0,3.636,12.762,13.862,11.502,12,3.067,0,1,9.0,76.22,0.7,67.39,6.4,45.20547945205479
35327,1,M,19.0,S,Private,0.0,5.0,10.911,11.672,10.419,5,7.575,0,1,8.5,76.22,0.7,76.22,0.7,15.52511415525114
35342,1,M,19.0,S,Private,1.0,4.714,13.846,13.665,12.597,8,2.349,0,1,14.143,76.22,0.7,64.12,9.1,45.20547945205479
35360,1,M,18.0,S,Public,0.0,5.571,14.306,17.73,14.52,8,2.054,0,1,18.143,66.32000000000001,4.3,60.84,17.0,57.99086757990868
35363,1,M,19.0,S,Private,0.0,4.625,10.611,13.795,10.316,9,6.575,0,1,10.0,76.22,0.7,76.53,0.3,31.963470319634702
35386,1,M,17.0,S,Private,0.0,3.0,5.255,5.255,4.082,4,28.542,0,0,4.5,64.98,6.2,68.93,4.0,4.10958904109589
35389,1,M,20.0,S,Private,0.0,4.333,13.278,15.62,13.272,4,0.0,0,1,12.333,76.22,0.7,64.12,9.1,16.894977168949772
35408,1,M,19.0,S,Private,0.0,4.444,15.246,14.935,14.021,10,0.675,0,1,15.111,76.22,0.7,66.44,5.2,62.10045662100456
35412,1,F,16.0,S,Private,1.0,2.0,10.385,10.385,0.0,1,0.0,0,0,3.0,76.22,0.7,64.98,6.2,1.36986301369863
35449,1,M,18.0,S,Private,0.0,4.375,13.138,14.86,12.956,9,0.229,0,1,11.75,67.39,6.4,66.95,6.2,42.922374429223744
35560,1,M,18.0,S,Private,0.0,6.167,13.87,15.12,13.795,7,1.468,0,1,18.0,76.22,0.7,68.93,4.0,49.31506849315068
35574,1,M,25.0,S,Public,0.0,4.333,8.677,8.677,8.07,3,7.122,0,0,6.0,64.89,12.8,66.44,5.2,5.47945205479452
35629,1,M,18.0,S,Public,0.0,4.556,11.401,13.453,10.962,10,2.481,0,1,13.0,76.22,0.7,74.53999999999999,1.4,41.55251141552511
35713,1,F,19.0,S,Private,0.0,4.444,14.498,16.94,13.734,10,3.087,0,1,13.444,64.98,6.2,64.98,6.2,55.25114155251142
35818,1,M,18.0,S,Public,0.0,6.333,17.754,17.18,17.775,7,1.27,1,1,21.833,76.22,0.7,56.489999999999995,16.3,59.817351598173516
35829,1,M,19.0,S,Private,0.0,5.571,13.436,13.295,13.05,8,4.296,0,1,16.857,76.22,0.7,74.53999999999999,1.4,53.88127853881278
35849,1,M,19.0,S,Public,1.0,4.167,11.989,14.535,11.251,7,5.197,0,1,9.667,74.53999999999999,1.4,66.95,6.2,26.48401826484018
35877,1,M,19.0,S,Private,0.0,5.714,14.388,14.21,13.609,8,1.156,1,1,19.857,76.22,0.7,64.98,6.2,63.4703196347032
35927,1,M,21.5,S,Public,2.0,5.2,13.962,14.61,13.649,6,3.457,2,1,18.0,76.22,0.7,64.98,6.2,41.0958904109589
35972,1,M,20.0,S,Private,2.0,6.25,16.238,17.785,16.223,5,0.958,1,1,21.75,76.22,0.7,74.53999999999999,1.4,39.726027397260275
35991,1,M,18.0,S,Private,0.0,2.5,8.462,10.3,8.248,2,14.25,0,0,5.0,76.22,0.7,66.95,6.2,2.28310502283105
36047,1,M,15.0,S,Private,2.0,6.5,14.533,13.95,14.347,2,1.024,0,0,16.5,76.22,0.7,66.95,6.2,15.068493150684931
36154,1,M,19.0,S,Public,4.0,5.0,12.101,15.46,11.743,3,0.0,0,1,9.5,58.040000000000006,8.3,66.32000000000001,4.3,8.67579908675799
36172,1,M,17.0,S,Public,1.0,3.857,13.911,11.94,13.094,8,1.405,0,1,12.857,76.22,0.7,67.39,6.4,41.0958904109589
36214,1,M,18.0,S,Private,0.0,5.167,10.123,11.038,9.068,7,15.917,0,1,6.833,76.22,0.7,67.39,6.4,18.72146118721461
36215,1,F,19.0,S,Public,0.0,5.571,16.149,16.055,16.04,8,4.571,0,1,19.143,76.22,0.7,64.12,9.1,61.18721461187214
36217,1,M,20.0,S,Private,0.0,3.667,9.609,14.55,8.896,4,6.4,0,1,6.0,66.32000000000001,4.3,66.67999999999999,4.7,8.21917808219178
36284,1,M,19.0,S,Private,0.0,4.667,9.761,10.6,9.453,3,5.289,0,0,4.667,76.22,0.7,67.39,6.4,6.392694063926941
36307,1,F,18.0,S,Private,1.0,5.8,14.638,14.65,14.606,6,2.12,0,1,19.4,76.22,0.7,76.22,0.7,44.29223744292237
36434,1,M,19.0,S,Public,0.0,6.0,8.435,8.435,6.467,1,11.667,0,0,6.0,67.39,6.4,64.98,6.2,2.73972602739726
36449,1,M,18.0,S,Private,0.0,6.667,13.851,14.905,13.84,7,5.476,0,1,20.167,76.22,0.7,66.67999999999999,4.7,55.25114155251142
36486,1,M,25.0,S,Private,0.0,4.0,10.049,15.035,9.328,4,8.083,0,1,6.333,76.22,0.7,66.67999999999999,4.7,8.67579908675799
36513,1,M,19.0,S,Private,0.0,3.857,12.483,15.792,12.298,8,4.964,0,1,9.571,76.22,0.7,74.53999999999999,1.4,30.59360730593607
36528,1,M,22.0,S,Private,0.0,3.5,4.399,4.399,4.328,3,0.0,0,1,3.0,76.22,0.7,66.44,5.2,1.36986301369863
36678,1,M,19.0,S,Private,0.0,6.25,11.663,17.325,11.644,5,3.292,0,1,15.25,64.89,12.8,68.93,4.0,27.85388127853881
36681,1,M,19.0,S,Public,0.0,5.2,10.792,14.065,11.434,6,4.033,0,1,11.4,76.22,0.7,64.12,9.1,26.027397260273972
36719,1,M,20.0,S,Private,0.0,3.778,13.516,12.105,12.495,10,3.944,0,1,11.875,50.55,18.7,68.55,6.6,43.37899543378995
36953,1,M,19.0,S,Private,1.0,4.667,11.973,14.69,10.708,7,3.194,0,1,11.667,76.22,0.7,76.22,0.7,31.963470319634702
37007,1,M,18.0,S,Private,0.0,5.0,13.276,13.35,13.215,6,2.0,0,1,15.6,76.22,0.7,74.53999999999999,1.4,35.61643835616438
37031,1,F,19.0,S,Private,0.0,6.25,17.846,19.16,17.85,5,0.208,1,1,21.75,76.22,0.7,74.53999999999999,1.4,39.726027397260275
37042,1,F,18.0,S,Private,0.0,6.25,17.051,18.865,17.005,5,0.125,1,1,21.75,76.22,0.7,68.93,4.0,39.726027397260275
37054,1,M,18.0,S,Private,0.0,4.167,13.488,11.76,12.744,7,2.156,0,1,10.667,76.22,0.7,76.53,0.3,29.22374429223744
37062,1,M,18.0,S,Private,0.0,7.0,7.266,7.266,8.263,1,12.429,0,0,4.0,56.410000000000004,7.3,69.66,7.7,1.82648401826484
37095,1,F,17.0,S,Private,0.0,6.0,13.801,16.53,13.529,5,0.167,0,1,17.5,66.95,6.2,66.44,5.2,31.963470319634702
37115,1,M,17.0,S,Public,0.0,5.75,13.648,15.285,13.549,5,1.667,0,1,16.75,76.22,0.7,67.39,6.4,30.59360730593607
37157,1,F,17.0,S,Private,0.0,6.0,10.661,11.04,10.327,2,5.2,0,0,6.5,76.22,0.7,74.53999999999999,1.4,5.93607305936073
37186,1,F,18.0,S,Private,0.0,6.0,10.512,10.512,10.136,1,4.667,0,0,6.0,76.22,0.7,68.93,4.0,2.73972602739726
37199,1,M,18.0,S,Public,0.0,4.25,10.325,12.2,9.957,5,2.708,0,1,7.25,76.22,0.7,64.38000000000001,13.7,13.24200913242009
37205,1,M,19.0,S,Private,0.0,5.2,13.22,14.763,13.169,6,1.1,0,1,15.4,64.35,5.4,64.12,9.1,35.15981735159817
37220,1,M,18.0,S,Public,0.0,5.0,12.579,14.04,12.45,6,2.176,0,1,13.4,66.95,6.2,66.44,5.2,30.59360730593607
37261,1,M,17.0,S,Public,0.0,5.0,11.071,11.071,10.592,4,0.0,0,1,11.0,53.25,32.8,66.44,5.2,10.045662100456621
37277,1,M,17.0,S,Private,0.0,5.2,15.102,17.005,14.851,6,0.65,0,1,16.8,76.22,0.7,76.22,0.7,38.35616438356164
37305,1,M,17.5,S,Private,0.0,6.0,13.165,13.75,12.989,5,0.75,0,1,18.25,76.22,0.7,76.53,0.3,33.33333333333333
37312,1,M,19.0,S,Private,0.0,4.667,11.098,14.805,10.981,7,11.005,0,1,9.167,64.12,9.1,64.12,9.1,25.11415525114155
37344,1,F,18.0,S,Private,2.0,6.5,13.191,11.7,12.672,3,2.833,0,1,17.5,76.22,0.7,66.95,6.2,15.981735159817351
37416,1,F,18.0,S,Private,0.0,6.5,16.632,18.955,16.644,5,1.208,1,1,22.5,76.22,0.7,64.12,9.1,41.0958904109589
37417,1,M,17.0,S,Private,0.0,4.75,11.638,12.7,12.16,5,6.458,0,1,14.333,63.49,8.3,68.93,4.0,19.63470319634703
37427,1,M,17.0,S,Private,0.0,6.0,15.632,18.07,15.444,5,0.083,0,1,19.5,76.22,0.7,64.12,9.1,35.61643835616438
37437,1,M,20.0,S,Public,0.0,6.0,15.202,15.202,15.122,1,0.0,0,0,22.0,76.22,0.7,76.53,0.3,10.045662100456621
37455,1,F,17.0,S,Private,0.0,5.5,15.378,18.34,15.29,5,0.208,1,1,18.25,76.22,0.7,68.93,4.0,33.33333333333333
37521,1,F,18.0,S,Private,0.0,6.25,12.382,14.035,12.12,5,5.685,0,1,15.0,64.98,6.2,74.53999999999999,1.4,27.397260273972602
37534,1,M,18.0,S,Private,0.0,5.5,15.793,16.56,15.764,3,0.0,0,1,19.5,64.98,6.2,76.22,0.7,17.80821917808219
37572,1,F,18.0,S,Private,0.0,5.4,11.502,11.82,11.791,6,10.476,0,1,12.4,68.32000000000001,6.2,76.53,0.3,28.31050228310502
37605,1,M,21.0,S,Private,0.0,6.4,14.255,14.835,14.248,6,2.586,0,1,21.8,80.17999999999999,1.2,66.44,5.2,49.77168949771689
37716,1,F,17.0,S,Public,0.0,5.75,10.45,14.325,10.414,5,2.542,0,1,10.0,76.22,0.7,66.44,5.2,18.2648401826484
37752,1,M,18.0,S,Public,0.0,6.25,14.028,16.575,14.055,5,1.792,0,1,18.75,64.98,6.2,64.98,6.2,34.24657534246575
37797,1,M,17.0,S,Private,0.0,5.6,12.572,13.835,12.651,6,4.65,0,1,15.4,60.699999999999996,19.7,64.12,9.1,35.15981735159817
37805,1,M,20.0,S,Private,0.0,6.0,10.088,10.088,10.191,4,8.833,0,1,12.667,57.599999999999994,21.7,57.599999999999994,21.7,17.35159817351598
37808,1,M,18.0,S,Private,0.0,5.4,14.675,13.535,14.479,6,1.557,0,1,17.8,71.50999999999999,5.0,64.12,9.1,40.63926940639269
37828,1,M,19.0,S,Public,1.0,7.0,16.092,17.44,16.413,4,1.583,1,1,23.333,64.56,6.4,64.56,6.4,31.963470319634702
37839,1,M,19.0,S,Private,1.0,5.0,16.744,17.91,17.024,5,0.583,0,1,16.75,76.22,0.7,68.55,6.6,30.59360730593607
37842,1,M,19.0,S,Private,0.0,6.25,15.922,17.725,16.035,5,3.833,0,1,21.75,76.22,0.7,76.22,0.7,39.726027397260275
37859,1,M,17.0,S,Private,0.0,6.0,10.355,15.24,10.544,5,1.646,0,1,11.5,68.32000000000001,6.2,67.39,6.4,21.00456621004566
37870,1,M,18.0,S,Private,0.0,4.8,11.323,15.525,10.893,6,3.114,0,1,11.6,76.22,0.7,57.599999999999994,21.7,26.48401826484018
37900,1,M,18.0,S,Private,0.0,6.0,15.594,16.81,15.735,2,0.833,0,0,21.5,64.98,6.2,64.98,6.2,19.63470319634703
37902,1,M,19.0,S,Private,0.0,5.75,12.48,12.48,12.185,5,2.5,0,1,14.75,76.22,0.7,64.12,9.1,26.94063926940639
37950,1,M,19.0,S,Private,0.0,6.25,16.162,17.88,16.15,5,0.167,0,1,21.75,58.040000000000006,8.3,76.22,0.7,39.726027397260275
38078,1,M,17.0,S,Private,0.0,5.5,9.887,9.887,11.504,2,4.25,0,0,17.0,64.89,12.8,64.89,12.8,7.76255707762557
38111,1,F,20.0,S,Public,1.0,4.0,11.363,11.363,12.475,3,0.0,0,1,11.0,70.19,7.0,60.040000000000006,19.9,10.045662100456621
38114,1,M,21.0,S,Private,0.0,5.0,13.088,15.74,13.253,6,3.076,0,1,15.75,76.22,0.7,64.98,6.2,28.767123287671232
38129,1,M,17.0,S,Public,0.0,6.0,14.242,14.242,14.229,1,2.333,0,0,22.0,66.95,6.2,50.480000000000004,10.4,10.045662100456621
38145,1,M,18.0,S,Private,0.0,6.75,14.033,15.08,13.985,5,2.821,1,1,21.5,76.22,0.7,82.36,0.5,39.26940639269406
38167,1,M,18.0,S,Private,0.0,4.667,13.636,16.12,13.412,7,4.743,0,1,13.167,76.22,0.7,68.55,6.6,36.07305936073059
38231,1,M,18.0,S,Public,1.0,6.333,17.877,18.965,17.898,4,0.556,1,1,21.667,73.89,1.4,64.98,6.2,29.68036529680365
38250,1,M,18.0,S,Private,1.0,4.667,12.201,12.201,11.135,4,0.333,0,1,9.0,76.22,0.7,74.53999999999999,1.4,12.32876712328767
38278,1,M,17.0,S,Private,0.0,5.5,13.128,14.905,12.96,5,1.292,0,1,15.25,76.22,0.7,76.22,0.7,27.85388127853881
38283,1,M,18.0,S,Private,0.0,6.333,16.039,15.845,15.824,3,1.667,0,0,21.667,76.22,0.7,68.93,4.0,29.68036529680365
38291,1,M,18.0,S,Private,0.0,5.0,13.489,14.95,13.057,6,0.867,0,1,14.4,76.22,0.7,76.22,0.7,32.87671232876712
38311,1,M,17.5,S,Public,0.0,6.5,17.483,17.74,17.504,5,0.381,0,1,22.25,76.22,0.7,64.12,9.1,40.63926940639269
38553,1,M,21.0,S,Private,0.0,4.0,10.87,14.31,10.975,2,0.0,0,1,5.0,76.22,0.7,68.93,4.0,2.28310502283105
38683,1,M,19.0,S,Private,1.0,6.5,8.198,16.38,8.722,2,8.571,0,0,9.0,76.22,0.7,66.67999999999999,4.7,8.21917808219178
38722,1,M,25.0,S,Private,0.0,6.5,15.042,15.18,15.06,5,2.75,0,1,21.75,76.22,0.7,76.53,0.3,39.726027397260275
38830,1,M,20.0,S,Public,0.0,6.75,14.63,16.992,14.598,5,1.048,0,1,19.75,83.26,0.1,74.53999999999999,1.4,36.07305936073059
38903,1,M,24.0,S,Private,0.0,6.75,13.984,13.995,13.818,5,7.417,0,1,20.25,76.22,0.7,66.44,5.2,36.986301369863014
39061,1,M,19.0,S,Private,1.0,7.0,9.13,9.13,8.973,1,10.857,0,0,3.0,76.22,0.7,51.910000000000004,17.8,1.36986301369863
39133,1,M,17.0,S,Private,1.0,8.0,10.776,10.776,11.287,1,2.5,1,0,13.0,25.3,45.2,68.93,4.0,5.93607305936073
39242,1,F,17.0,S,Private,0.0,5.25,14.894,14.492,14.492,5,2.661,1,1,16.25,76.22,0.7,74.53999999999999,1.4,29.68036529680365
39319,1,M,18.0,S,Private,0.0,6.0,11.75,11.75,11.636,1,7.333,0,0,14.0,76.22,0.7,67.39,6.4,6.392694063926941
39376,1,M,18.0,S,Private,0.0,5.5,15.176,15.535,15.116,5,1.958,0,1,17.5,76.22,0.7,66.44,5.2,31.963470319634702
39377,1,M,17.0,S,Private,1.0,8.0,9.736,9.736,8.467,1,1.5,0,0,11.0,64.98,6.2,74.53999999999999,1.4,5.0228310502283104
39393,1,M,18.0,S,Private,0.0,6.0,12.61,12.61,12.462,1,12.167,0,0,14.0,76.22,0.7,66.67999999999999,4.7,6.392694063926941
39471,1,M,17.0,S,Private,0.0,6.0,14.844,17.4,14.728,3,0.0,0,1,19.5,76.22,0.7,63.62,7.4,17.80821917808219
39488,1,M,18.0,S,Private,0.0,6.667,13.914,16.14,14.115,4,4.238,0,1,18.667,64.89,12.8,67.39,6.4,25.570776255707763
39594,1,M,17.0,S,Private,0.0,4.667,15.637,16.96,15.087,4,0.0,0,1,15.0,52.66,23.5,67.39,6.4,20.54794520547945
39609,1,M,18.0,S,Private,0.0,6.0,17.007,18.04,16.913,3,0.0,0,1,21.5,76.22,0.7,74.53999999999999,1.4,19.63470319634703
39613,1,M,18.0,S,Private,0.0,6.5,12.533,16.96,13.444,3,0.0,0,1,17.0,76.22,0.7,67.39,6.4,15.52511415525114
39620,1,M,17.0,S,Private,0.0,4.333,13.435,17.1,13.57,4,0.0,0,1,14.333,70.19,7.0,70.19,7.0,19.63470319634703
39639,1,M,17.0,S,Public,0.0,4.333,16.141,17.66,15.994,4,0.0,0,1,14.333,76.22,0.7,64.12,9.1,19.63470319634703
39754,1,M,18.0,S,Private,0.0,6.0,16.129,17.56,15.961,3,0.0,0,1,21.5,76.22,0.7,64.12,9.1,19.63470319634703
39755,1,M,17.0,S,Private,0.0,6.0,14.823,17.88,14.835,3,0.0,0,1,21.5,76.22,0.7,66.32000000000001,4.3,19.63470319634703
39760,1,F,18.0,S,Private,0.0,6.0,18.094,19.92,17.989,3,0.0,0,1,21.5,76.22,0.7,66.67999999999999,4.7,19.63470319634703
39849,1,M,17.0,S,Private,0.0,6.5,16.071,17.72,15.973,3,0.0,0,1,22.5,76.22,0.7,64.98,6.2,20.54794520547945
39851,1,M,17.0,S,Private,0.0,4.667,12.878,17.55,12.475,4,0.0,0,1,11.333,76.22,0.7,67.39,6.4,15.52511415525114
39858,1,M,17.0,S,Private,0.0,6.0,17.157,18.39,16.984,3,0.0,0,1,21.5,76.53,0.3,76.53,0.3,19.63470319634703
39861,1,M,17.0,S,Private,0.0,4.333,12.999,17.0,13.514,4,0.0,0,1,13.0,76.47,8.0,74.53999999999999,1.4,17.80821917808219
39886,1,F,17.0,S,Private,0.0,4.0,10.98,13.09,11.854,4,0.0,0,1,13.0,76.22,0.7,64.98,6.2,11.87214611872146
39907,1,M,17.0,S,Private,0.0,5.0,11.317,11.317,11.037,3,0.0,0,1,9.0,71.50999999999999,5.0,64.12,9.1,8.21917808219178
39911,1,F,18.0,S,Private,0.0,3.0,13.567,13.567,13.428,1,0.0,0,0,7.0,83.26,0.1,74.53999999999999,1.4,3.1963470319634704
39913,1,M,18.0,S,Public,0.0,8.0,9.705,9.705,10.138,1,3.75,0,0,13.0,60.699999999999996,19.7,74.53999999999999,1.4,5.93607305936073
39936,1,M,18.0,S,Private,0.0,6.0,13.132,16.5,12.935,3,0.0,0,1,17.0,76.22,0.7,68.55,6.6,15.52511415525114
39951,1,M,18.0,S,Private,0.0,5.25,16.442,18.92,16.477,5,0.357,0,1,18.0,76.22,0.7,64.12,9.1,32.87671232876712
39965,1,M,19.0,S,Private,2.0,8.0,10.722,10.722,13.256,1,9.375,0,1,22.0,72.19,16.0,66.67999999999999,4.7,10.045662100456621
40062,1,M,18.0,S,Private,0.0,6.0,12.874,15.72,12.661,3,0.0,0,1,17.0,66.95,6.2,64.98,6.2,15.52511415525114
40085,1,M,17.0,S,Private,0.0,4.667,11.114,13.5,11.39,4,0.0,0,1,9.667,76.22,0.7,66.67999999999999,4.7,13.24200913242009
40110,1,M,17.0,S,Private,0.0,5.5,11.41,18.18,12.741,3,0.0,0,1,13.5,64.98,6.2,74.53999999999999,1.4,12.32876712328767
40118,1,F,18.0,S,Private,0.0,6.5,16.418,18.51,16.461,3,0.0,0,1,22.5,64.98,6.2,64.98,6.2,20.54794520547945
40158,1,F,17.0,S,Private,0.0,6.0,16.385,18.97,16.162,3,0.0,0,1,21.5,76.22,0.7,64.98,6.2,19.63470319634703
40161,1,M,17.0,S,Public,0.0,4.667,15.6,17.62,16.079,4,0.0,0,1,16.0,64.89,12.8,64.89,12.8,21.91780821917808
40222,1,M,17.0,S,Private,0.0,4.333,13.606,14.25,14.007,4,0.0,0,1,14.333,68.32000000000001,6.2,68.32000000000001,6.2,19.63470319634703
40235,1,M,17.0,S,Public,0.0,6.5,15.722,17.675,15.888,3,0.0,0,1,22.5,76.22,0.7,64.12,9.1,20.54794520547945
40248,1,F,18.0,S,Private,0.0,6.5,10.386,15.46,11.376,3,0.0,0,1,13.0,76.22,0.7,64.98,6.2,11.87214611872146
40264,1,M,18.0,S,Private,0.0,6.0,16.43,17.94,16.368,3,0.0,0,1,21.5,76.22,0.7,64.98,6.2,19.63470319634703
40275,1,M,18.0,S,Public,1.0,8.0,13.474,13.474,17.412,2,0.0,1,1,22.0,76.22,0.7,76.22,0.7,10.045662100456621
40278,1,M,17.0,S,Private,0.0,4.667,15.493,17.1,16.336,4,0.0,0,1,16.0,76.22,0.7,64.12,9.1,21.91780821917808
40308,1,M,18.0,S,Private,0.0,5.0,12.747,12.747,12.399,3,0.0,0,1,13.5,64.98,6.2,66.67999999999999,4.7,12.32876712328767
40391,1,M,17.0,S,Private,0.0,7.5,15.624,16.77,16.071,3,0.0,0,1,26.5,76.22,0.7,64.12,9.1,24.200913242009133
40395,1,M,18.0,S,Private,1.0,6.0,17.462,17.462,17.483,2,0.0,0,1,22.0,76.22,0.7,76.22,0.7,10.045662100456621
40396,1,M,18.0,S,Private,0.0,7.0,13.864,16.9,13.92,3,0.0,0,1,18.5,66.36999999999999,2.2,66.36999999999999,2.2,16.894977168949772
40428,1,M,18.0,S,Private,0.0,6.0,9.303,9.303,8.54,1,15.667,0,0,10.0,64.12,9.1,60.050000000000004,14.1,4.5662100456621
40443,1,F,18.0,S,Private,0.0,7.0,14.845,17.52,15.351,3,0.0,0,1,23.0,76.22,0.7,68.93,4.0,21.00456621004566
40547,1,M,17.0,S,Private,1.0,7.0,15.871,15.871,16.128,2,0.0,0,1,27.0,76.22,0.7,76.22,0.7,12.32876712328767
40554,1,M,18.0,S,Private,0.0,5.25,14.093,16.4,14.163,5,0.438,0,1,16.5,76.22,0.7,67.39,6.4,30.136986301369863
40606,1,M,17.0,S,Private,0.0,7.0,9.807,9.807,11.441,1,0.0,0,0,11.0,76.22,0.7,76.22,0.7,5.0228310502283104
40626,1,M,22.0,S,Private,0.0,5.0,12.299,12.745,12.806,5,1.562,0,1,12.0,76.22,0.7,66.44,5.2,21.91780821917808
40681,1,M,17.0,S,Private,0.0,7.0,14.52,15.56,14.779,3,0.0,0,1,23.0,67.39,6.4,74.53999999999999,1.4,21.00456621004566
40685,1,M,18.0,S,Private,0.0,4.0,8.148,13.36,10.039,4,0.0,0,1,13.5,76.22,0.7,76.53,0.3,12.32876712328767
40701,1,M,17.0,S,Private,0.0,5.333,15.324,16.97,15.341,4,0.0,0,1,18.667,76.22,0.7,74.53999999999999,1.4,25.570776255707763
40715,1,M,18.0,S,Private,1.0,6.0,8.725,8.725,8.254,1,0.0,0,1,3.0,76.22,0.7,68.93,4.0,1.36986301369863
40721,1,M,17.0,S,Private,0.0,5.0,13.424,16.14,15.147,4,0.0,0,1,16.0,76.22,0.7,64.12,9.1,21.91780821917808
40725,1,M,17.0,S,Private,0.0,5.5,10.421,14.93,10.906,3,0.0,0,1,10.5,76.22,0.7,76.22,0.7,9.58904109589041
40739,1,M,20.0,S,Private,0.0,5.0,11.641,16.0,11.553,3,0.0,0,1,11.0,76.22,0.7,76.22,0.7,10.045662100456621
40760,1,M,18.0,S,Private,0.0,6.0,11.187,11.187,10.905,1,0.0,0,0,10.0,64.88000000000001,11.5,76.22,0.7,4.5662100456621
40813,1,M,21.0,S,Public,0.0,6.5,14.402,18.14,15.639,3,0.0,0,1,19.5,76.22,0.7,64.12,9.1,17.80821917808219
40825,1,F,18.0,S,Private,0.0,5.0,14.328,16.2,14.815,4,0.0,0,1,15.333,64.89,12.8,64.89,12.8,21.00456621004566
40832,1,M,22.0,S,Public,0.0,6.0,10.999,10.999,11.404,3,0.0,0,1,12.0,52.66,23.5,66.67999999999999,4.7,10.95890410958904
40862,1,M,18.0,S,Private,1.0,6.0,15.458,15.458,15.385,1,0.0,0,1,22.0,60.699999999999996,19.7,67.39,6.4,10.045662100456621
40882,1,M,22.0,S,Private,0.0,3.667,3.695,3.695,6.07,4,0.0,0,1,11.0,76.22,0.7,74.53999999999999,1.4,5.0228310502283104
40895,1,M,17.0,S,Public,0.0,8.0,8.761,8.761,10.091,1,0.0,0,0,11.0,64.98,6.2,64.98,6.2,5.0228310502283104
40920,1,M,18.0,S,Private,0.0,4.0,11.148,11.148,12.387,4,0.0,0,1,10.0,76.22,0.7,76.53,0.3,9.1324200913242
40983,1,M,17.0,S,Public,0.0,6.0,16.141,19.58,16.088,3,0.0,1,1,21.5,66.95,6.2,68.93,4.0,19.63470319634703
41010,1,M,18.0,S,Private,0.0,6.5,12.903,15.68,13.556,3,0.0,0,1,19.5,73.89,1.4,73.89,1.4,17.80821917808219
41119,1,M,18.0,S,Private,0.0,5.0,12.157,15.32,11.909,3,0.0,0,1,11.0,66.32000000000001,4.3,68.55,6.6,10.045662100456621
41132,1,M,17.0,S,Private,0.0,6.5,11.991,14.76,12.399,3,0.0,0,1,15.0,80.17999999999999,1.2,76.53,0.3,13.698630136986301
41158,1,M,20.0,S,Public,1.0,8.0,7.494,7.494,9.821,2,0.0,0,1,11.0,74.53999999999999,1.4,74.53999999999999,1.4,5.0228310502283104
41207,1,M,18.0,S,Private,0.0,4.667,13.536,18.84,13.916,4,0.0,0,1,14.333,76.22,0.7,64.98,6.2,19.63470319634703
41212,1,M,21.0,S,Public,0.0,5.0,10.305,17.78,12.331,4,0.0,0,1,16.0,64.12,9.1,64.12,9.1,14.61187214611872
41238,1,F,17.0,S,Private,0.0,5.0,11.318,16.36,12.228,4,0.0,0,1,13.333,76.22,0.7,76.22,0.7,18.2648401826484
41242,1,M,17.0,S,Private,0.0,5.5,12.04,16.03,12.177,3,0.0,0,1,13.5,76.22,0.7,74.53999999999999,1.4,12.32876712328767
41283,1,M,17.0,S,Private,0.0,6.5,12.577,11.5,13.129,3,0.0,0,1,17.5,76.22,0.7,76.8,1.0,15.981735159817351
41567,1,F,19.0,S,Public,0.0,5.5,11.75,13.26,11.82,3,0.0,0,1,12.5,39.47,29.9,64.12,9.1,11.415525114155251
41616,1,M,20.0,S,Private,0.0,6.0,11.428,14.6,12.582,3,0.0,0,1,16.0,76.22,0.7,66.44,5.2,14.61187214611872
41781,1,M,21.0,S,Public,1.0,8.0,16.936,16.936,16.935,2,0.0,1,1,30.0,32.04,59.3,32.04,59.3,13.698630136986301
41857,1,M,18.0,S,Private,1.0,7.0,9.289,9.289,12.336,2,0.0,1,1,11.0,28.83,50.1,60.78,12.6,5.0228310502283104
41949,1,F,19.0,S,Public,0.0,6.0,16.009,18.52,16.064,3,0.0,0,1,21.5,68.32000000000001,6.2,65.18,8.9,19.63470319634703
41980,1,M,20.0,S,Private,0.0,4.333,15.075,17.19,15.692,4,0.0,0,1,15.333,76.22,0.7,64.98,6.2,21.00456621004566
42018,1,M,19.0,S,Private,0.0,4.0,7.869,7.869,9.709,4,0.0,0,1,10.0,67.39,6.4,76.22,0.7,9.1324200913242
42038,1,M,18.0,S,Private,1.0,4.0,12.455,12.455,13.165,3,0.0,0,1,11.0,64.98,6.2,67.39,6.4,10.045662100456621
42211,1,M,18.0,S,Public,0.0,6.0,9.675,12.305,9.945,2,0.0,0,1,8.0,55.31,25.9,64.98,6.2,7.30593607305936
42258,1,M,17.0,M,Private,0.0,4.0,11.801,11.801,10.957,4,0.0,0,1,8.667,76.22,0.7,76.22,0.7,11.87214611872146
42396,1,M,19.0,S,Private,0.0,4.667,10.648,15.46,11.494,4,0.0,0,1,10.0,70.19,7.0,68.55,6.6,13.698630136986301
42478,1,M,20.0,S,Private,0.0,7.0,11.214,15.53,11.853,3,0.0,0,1,13.5,76.22,0.7,74.53999999999999,1.4,12.32876712328767
42498,1,M,22.0,S,Private,0.0,7.0,11.29,11.29,11.33,1,0.0,0,0,12.0,60.78,12.6,60.78,12.6,5.47945205479452
42856,1,M,19.0,S,Public,0.0,3.5,18.751,18.751,18.568,3,0.0,0,1,12.5,56.410000000000004,7.3,69.66,7.7,11.415525114155251
42951,1,M,21.0,S,Private,0.0,4.0,12.477,12.477,13.542,3,0.0,0,1,11.0,76.22,0.7,64.98,6.2,10.045662100456621
43077,1,M,18.0,S,Private,0.0,7.0,7.259,7.259,8.32,1,0.0,0,1,8.0,69.66,7.7,67.39,6.4,3.65296803652968
43167,1,M,23.0,S,Public,0.0,6.0,14.452,14.452,14.507,2,0.0,0,1,22.0,76.22,0.7,74.53999999999999,1.4,10.045662100456621
43203,1,F,21.0,S,Public,0.0,6.0,14.99,14.99,15.01,1,0.0,0,1,22.0,57.599999999999994,21.7,57.599999999999994,21.7,10.045662100456621
43318,1,M,17.0,S,Private,0.0,8.0,12.466,12.466,13.15,2,0.0,0,1,21.0,76.22,0.7,68.55,6.6,9.58904109589041
43362,1,M,24.0,S,Private,0.0,4.0,16.58,16.58,16.382,3,0.0,0,1,15.0,76.22,0.7,67.39,6.4,13.698630136986301
43503,1,M,17.0,S,Public,0.0,4.0,14.89,14.89,15.007,2,0.0,0,1,14.0,64.35,5.4,62.849999999999994,22.3,6.392694063926941
43910,1,M,25.0,S,Private,0.0,8.0,9.234,9.234,11.475,1,0.0,0,1,18.0,60.83,6.6,64.12,9.1,8.21917808219178
44013,1,M,36.0,M,Public,0.0,5.0,15.066,15.066,14.968,2,0.0,0,1,18.0,62.21,16.3,65.82000000000001,9.8,8.21917808219178
